customer_id,customer_name,city,region_name,segment,signup_date
1,Customer 001,Hyderabad,North,Consumer,2024-12-04
2,Customer 002,Bengaluru,South,Corporate,2024-03-13
3,Customer 003,Chennai,East,Small Business,2025-06-10
4,Customer 004,Mumbai,West,Consumer,2024-08-31
5,Customer 005,Pune,Central,Corporate,2024-10-12
6,Customer 006,Delhi,North,Small Business,2025-11-16
7,Customer 007,Kolkata,South,Consumer,2025-05-12
8,Customer 008,Jaipur,East,Corporate,2024-08-07
9,Customer 009,Ahmedabad,West,Small Business,2025-07-06
10,Customer 010,Indore,Central,Consumer,2024-05-15
11,Customer 011,Hyderabad,North,Corporate,2025-08-07
12,Customer 012,Bengaluru,South,Small Business,2025-08-13
13,Customer 013,Chennai,East,Consumer,2025-04-29
14,Customer 014,Mumbai,West,Corporate,2024-09-05
15,Customer 015,Pune,Central,Small Business,2025-04-29
16,Customer 016,Delhi,North,Consumer,2025-02-20
17,Customer 017,Kolkata,South,Corporate,2024-07-13
18,Customer 018,Jaipur,East,Small Business,2024-04-06
19,Customer 019,Ahmedabad,West,Consumer,2024-04-09
20,Customer 020,Indore,Central,Corporate,2025-11-05
21,Customer 021,Hyderabad,North,Small Business,2025-03-17
22,Customer 022,Bengaluru,South,Consumer,2024-12-28
23,Customer 023,Chennai,East,Corporate,2025-03-09
24,Customer 024,Mumbai,West,Small Business,2025-02-24
25,Customer 025,Pune,Central,Consumer,2025-04-23
26,Customer 026,Delhi,North,Corporate,2024-02-25
27,Customer 027,Kolkata,South,Small Business,2025-11-20
28,Customer 028,Jaipur,East,Consumer,2025-10-31
29,Customer 029,Ahmedabad,West,Corporate,2025-10-23
30,Customer 030,Indore,Central,Small Business,2024-04-10
31,Customer 031,Hyderabad,North,Consumer,2024-03-03
32,Customer 032,Bengaluru,South,Corporate,2025-02-16
33,Customer 033,Chennai,East,Small Business,2024-12-13
34,Customer 034,Mumbai,West,Consumer,2024-04-21
35,Customer 035,Pune,Central,Corporate,2024-09-11
36,Customer 036,Delhi,North,Small Business,2024-07-15
37,Customer 037,Kolkata,South,Consumer,2024-07-13
38,Customer 038,Jaipur,East,Corporate,2025-07-03
39,Customer 039,Ahmedabad,West,Small Business,2025-04-04
40,Customer 040,Indore,Central,Consumer,2024-05-23
41,Customer 041,Hyderabad,North,Corporate,2025-03-08
42,Customer 042,Bengaluru,South,Small Business,2024-07-06
43,Customer 043,Chennai,East,Consumer,2024-10-12
44,Customer 044,Mumbai,West,Corporate,2025-04-18
45,Customer 045,Pune,Central,Small Business,2024-09-12
46,Customer 046,Delhi,North,Consumer,2024-03-18
47,Customer 047,Kolkata,South,Corporate,2025-03-29
48,Customer 048,Jaipur,East,Small Business,2025-07-17
49,Customer 049,Ahmedabad,West,Consumer,2024-04-10
50,Customer 050,Indore,Central,Corporate,2024-02-21
51,Customer 051,Hyderabad,North,Small Business,2025-10-29
52,Customer 052,Bengaluru,South,Consumer,2025-07-07
53,Customer 053,Chennai,East,Corporate,2024-01-16
54,Customer 054,Mumbai,West,Small Business,2024-04-05
55,Customer 055,Pune,Central,Consumer,2024-08-30
56,Customer 056,Delhi,North,Corporate,2024-06-19
57,Customer 057,Kolkata,South,Small Business,2025-02-20
58,Customer 058,Jaipur,East,Consumer,2025-05-12
59,Customer 059,Ahmedabad,West,Corporate,2025-05-07
60,Customer 060,Indore,Central,Small Business,2024-08-06
61,Customer 061,Hyderabad,North,Consumer,2025-02-14
62,Customer 062,Bengaluru,South,Corporate,2024-03-01
63,Customer 063,Chennai,East,Small Business,2024-06-17
64,Customer 064,Mumbai,West,Consumer,2025-01-23
65,Customer 065,Pune,Central,Corporate,2024-01-03
66,Customer 066,Delhi,North,Small Business,2025-02-03
67,Customer 067,Kolkata,South,Consumer,2024-09-28
68,Customer 068,Jaipur,East,Corporate,2025-04-10
69,Customer 069,Ahmedabad,West,Small Business,2024-10-19
70,Customer 070,Indore,Central,Consumer,2025-03-09
71,Customer 071,Hyderabad,North,Corporate,2025-07-23
72,Customer 072,Bengaluru,South,Small Business,2025-11-08
73,Customer 073,Chennai,East,Consumer,2025-05-13
74,Customer 074,Mumbai,West,Corporate,2024-06-07
75,Customer 075,Pune,Central,Small Business,2024-07-13
76,Customer 076,Delhi,North,Consumer,2024-10-30
77,Customer 077,Kolkata,South,Corporate,2024-08-10
78,Customer 078,Jaipur,East,Small Business,2024-02-29
79,Customer 079,Ahmedabad,West,Consumer,2025-08-16
80,Customer 080,Indore,Central,Corporate,2025-07-09
81,Customer 081,Hyderabad,North,Small Business,2024-03-03
82,Customer 082,Bengaluru,South,Consumer,2024-11-17
83,Customer 083,Chennai,East,Corporate,2024-02-28
84,Customer 084,Mumbai,West,Small Business,2024-02-21
85,Customer 085,Pune,Central,Consumer,2025-08-21
86,Customer 086,Delhi,North,Corporate,2025-05-03
87,Customer 087,Kolkata,South,Small Business,2025-05-29
88,Customer 088,Jaipur,East,Consumer,2025-06-27
89,Customer 089,Ahmedabad,West,Corporate,2024-06-10
90,Customer 090,Indore,Central,Small Business,2024-02-28
91,Customer 091,Hyderabad,North,Consumer,2025-06-04
92,Customer 092,Bengaluru,South,Corporate,2024-03-23
93,Customer 093,Chennai,East,Small Business,2024-07-09
94,Customer 094,Mumbai,West,Consumer,2024-03-11
95,Customer 095,Pune,Central,Corporate,2025-09-01
96,Customer 096,Delhi,North,Small Business,2024-03-10
97,Customer 097,Kolkata,South,Consumer,2025-11-22
98,Customer 098,Jaipur,East,Corporate,2024-08-28
99,Customer 099,Ahmedabad,West,Small Business,2025-02-17
100,Customer 100,Indore,Central,Consumer,2024-05-02
101,Customer 101,Hyderabad,North,Corporate,2025-08-06
102,Customer 102,Bengaluru,South,Small Business,2024-09-09
103,Customer 103,Chennai,East,Consumer,2025-08-15
104,Customer 104,Mumbai,West,Corporate,2025-08-31
105,Customer 105,Pune,Central,Small Business,2024-02-10
106,Customer 106,Delhi,North,Consumer,2025-09-26
107,Customer 107,Kolkata,South,Corporate,2024-03-24
108,Customer 108,Jaipur,East,Small Business,2025-03-05
109,Customer 109,Ahmedabad,West,Consumer,2025-11-04
110,Customer 110,Indore,Central,Corporate,2025-08-20
111,Customer 111,Hyderabad,North,Small Business,2025-08-01
112,Customer 112,Bengaluru,South,Consumer,2025-06-19
113,Customer 113,Chennai,East,Corporate,2024-11-19
114,Customer 114,Mumbai,West,Small Business,2024-09-24
115,Customer 115,Pune,Central,Consumer,2024-07-28
116,Customer 116,Delhi,North,Corporate,2025-11-16
117,Customer 117,Kolkata,South,Small Business,2024-11-17
118,Customer 118,Jaipur,East,Consumer,2024-09-01
119,Customer 119,Ahmedabad,West,Corporate,2024-09-28
120,Customer 120,Indore,Central,Small Business,2025-02-09
121,Customer 121,Hyderabad,North,Consumer,2024-05-14
122,Customer 122,Bengaluru,South,Corporate,2025-11-18
123,Customer 123,Chennai,East,Small Business,2025-10-22
124,Customer 124,Mumbai,West,Consumer,2024-11-03
125,Customer 125,Pune,Central,Corporate,2025-04-13
126,Customer 126,Delhi,North,Small Business,2024-11-19
127,Customer 127,Kolkata,South,Consumer,2024-03-15
128,Customer 128,Jaipur,East,Corporate,2024-01-10
129,Customer 129,Ahmedabad,West,Small Business,2025-04-14
130,Customer 130,Indore,Central,Consumer,2025-09-28
131,Customer 131,Hyderabad,North,Corporate,2025-07-30
132,Customer 132,Bengaluru,South,Small Business,2024-04-12
133,Customer 133,Chennai,East,Consumer,2024-03-16
134,Customer 134,Mumbai,West,Corporate,2025-07-04
135,Customer 135,Pune,Central,Small Business,2024-08-06
136,Customer 136,Delhi,North,Consumer,2025-06-02
137,Customer 137,Kolkata,South,Corporate,2024-09-28
138,Customer 138,Jaipur,East,Small Business,2024-05-15
139,Customer 139,Ahmedabad,West,Consumer,2024-12-23
140,Customer 140,Indore,Central,Corporate,2024-03-11
141,Customer 141,Hyderabad,North,Small Business,2024-09-07
142,Customer 142,Bengaluru,South,Consumer,2025-01-13
143,Customer 143,Chennai,East,Corporate,2024-10-18
144,Customer 144,Mumbai,West,Small Business,2024-06-10
145,Customer 145,Pune,Central,Consumer,2025-03-24
146,Customer 146,Delhi,North,Corporate,2025-07-10
147,Customer 147,Kolkata,South,Small Business,2024-11-05
148,Customer 148,Jaipur,East,Consumer,2025-09-18
149,Customer 149,Ahmedabad,West,Corporate,2025-10-31
150,Customer 150,Indore,Central,Small Business,2025-06-25
151,Customer 151,Hyderabad,North,Consumer,2024-01-09
152,Customer 152,Bengaluru,South,Corporate,2025-11-14
153,Customer 153,Chennai,East,Small Business,2025-07-21
154,Customer 154,Mumbai,West,Consumer,2024-11-02
155,Customer 155,Pune,Central,Corporate,2025-11-10
156,Customer 156,Delhi,North,Small Business,2024-04-16
157,Customer 157,Kolkata,South,Consumer,2024-05-17
158,Customer 158,Jaipur,East,Corporate,2024-09-27
159,Customer 159,Ahmedabad,West,Small Business,2024-04-28
160,Customer 160,Indore,Central,Consumer,2024-04-19
161,Customer 161,Hyderabad,North,Corporate,2025-07-20
162,Customer 162,Bengaluru,South,Small Business,2024-06-08
163,Customer 163,Chennai,East,Consumer,2024-10-05
164,Customer 164,Mumbai,West,Corporate,2024-10-15
165,Customer 165,Pune,Central,Small Business,2025-09-11
166,Customer 166,Delhi,North,Consumer,2024-08-03
167,Customer 167,Kolkata,South,Corporate,2024-12-17
168,Customer 168,Jaipur,East,Small Business,2024-07-27
169,Customer 169,Ahmedabad,West,Consumer,2025-10-11
170,Customer 170,Indore,Central,Corporate,2024-09-27
171,Customer 171,Hyderabad,North,Small Business,2025-06-01
172,Customer 172,Bengaluru,South,Consumer,2025-05-15
173,Customer 173,Chennai,East,Corporate,2024-09-14
174,Customer 174,Mumbai,West,Small Business,2024-02-22
175,Customer 175,Pune,Central,Consumer,2024-04-04
176,Customer 176,Delhi,North,Corporate,2025-10-11
177,Customer 177,Kolkata,South,Small Business,2025-03-09
178,Customer 178,Jaipur,East,Consumer,2024-10-10
179,Customer 179,Ahmedabad,West,Corporate,2024-02-15
180,Customer 180,Indore,Central,Small Business,2024-01-04
181,Customer 181,Hyderabad,North,Consumer,2024-12-07
182,Customer 182,Bengaluru,South,Corporate,2024-05-13
183,Customer 183,Chennai,East,Small Business,2025-10-14
184,Customer 184,Mumbai,West,Consumer,2024-09-25
185,Customer 185,Pune,Central,Corporate,2024-06-14
186,Customer 186,Delhi,North,Small Business,2025-03-28
187,Customer 187,Kolkata,South,Consumer,2025-07-18
188,Customer 188,Jaipur,East,Corporate,2025-03-13
189,Customer 189,Ahmedabad,West,Small Business,2025-07-28
190,Customer 190,Indore,Central,Consumer,2024-01-10
191,Customer 191,Hyderabad,North,Corporate,2024-04-24
192,Customer 192,Bengaluru,South,Small Business,2024-03-18
193,Customer 193,Chennai,East,Consumer,2024-06-01
194,Customer 194,Mumbai,West,Corporate,2025-07-12
195,Customer 195,Pune,Central,Small Business,2024-02-06
196,Customer 196,Delhi,North,Consumer,2025-01-13
197,Customer 197,Kolkata,South,Corporate,2025-08-19
198,Customer 198,Jaipur,East,Small Business,2025-07-19
199,Customer 199,Ahmedabad,West,Consumer,2024-05-31
200,Customer 200,Indore,Central,Corporate,2025-03-16
201,Customer 201,Hyderabad,North,Small Business,2024-05-10
202,Customer 202,Bengaluru,South,Consumer,2024-02-12
203,Customer 203,Chennai,East,Corporate,2024-11-11
204,Customer 204,Mumbai,West,Small Business,2025-01-08
205,Customer 205,Pune,Central,Consumer,2024-02-10
206,Customer 206,Delhi,North,Corporate,2025-01-01
207,Customer 207,Kolkata,South,Small Business,2024-08-03
208,Customer 208,Jaipur,East,Consumer,2025-11-29
209,Customer 209,Ahmedabad,West,Corporate,2024-09-12
210,Customer 210,Indore,Central,Small Business,2025-11-13
211,Customer 211,Hyderabad,North,Consumer,2024-04-15
212,Customer 212,Bengaluru,South,Corporate,2024-12-28
213,Customer 213,Chennai,East,Small Business,2025-07-27
214,Customer 214,Mumbai,West,Consumer,2025-02-20
215,Customer 215,Pune,Central,Corporate,2025-09-27
216,Customer 216,Delhi,North,Small Business,2024-06-07
217,Customer 217,Kolkata,South,Consumer,2024-08-30
218,Customer 218,Jaipur,East,Corporate,2024-06-15
219,Customer 219,Ahmedabad,West,Small Business,2024-06-30
220,Customer 220,Indore,Central,Consumer,2025-02-26
221,Customer 221,Hyderabad,North,Corporate,2024-01-26
222,Customer 222,Bengaluru,South,Small Business,2024-07-02
223,Customer 223,Chennai,East,Consumer,2024-12-06
224,Customer 224,Mumbai,West,Corporate,2025-02-25
225,Customer 225,Pune,Central,Small Business,2025-11-16
226,Customer 226,Delhi,North,Consumer,2024-09-11
227,Customer 227,Kolkata,South,Corporate,2024-09-30
228,Customer 228,Jaipur,East,Small Business,2024-06-12
229,Customer 229,Ahmedabad,West,Consumer,2024-04-20
230,Customer 230,Indore,Central,Corporate,2025-01-26
231,Customer 231,Hyderabad,North,Small Business,2024-02-09
232,Customer 232,Bengaluru,South,Consumer,2025-04-26
233,Customer 233,Chennai,East,Corporate,2024-08-15
234,Customer 234,Mumbai,West,Small Business,2024-07-23
235,Customer 235,Pune,Central,Consumer,2025-04-16
236,Customer 236,Delhi,North,Corporate,2024-12-24
237,Customer 237,Kolkata,South,Small Business,2024-11-08
238,Customer 238,Jaipur,East,Consumer,2024-08-21
239,Customer 239,Ahmedabad,West,Corporate,2024-08-16
240,Customer 240,Indore,Central,Small Business,2024-01-25
241,Customer 241,Hyderabad,North,Consumer,2025-11-06
242,Customer 242,Bengaluru,South,Corporate,2024-07-16
243,Customer 243,Chennai,East,Small Business,2025-02-12
244,Customer 244,Mumbai,West,Consumer,2024-12-02
245,Customer 245,Pune,Central,Corporate,2024-10-12
246,Customer 246,Delhi,North,Small Business,2024-03-12
247,Customer 247,Kolkata,South,Consumer,2024-10-12
248,Customer 248,Jaipur,East,Corporate,2024-12-25
249,Customer 249,Ahmedabad,West,Small Business,2025-10-18
250,Customer 250,Indore,Central,Consumer,2025-06-05
251,Customer 251,Hyderabad,North,Corporate,2025-02-13
252,Customer 252,Bengaluru,South,Small Business,2025-11-26
253,Customer 253,Chennai,East,Consumer,2025-07-03
254,Customer 254,Mumbai,West,Corporate,2024-12-05
255,Customer 255,Pune,Central,Small Business,2024-01-29
256,Customer 256,Delhi,North,Consumer,2024-04-28
257,Customer 257,Kolkata,South,Corporate,2024-09-24
258,Customer 258,Jaipur,East,Small Business,2024-07-01
259,Customer 259,Ahmedabad,West,Consumer,2025-08-17
260,Customer 260,Indore,Central,Corporate,2024-09-28
261,Customer 261,Hyderabad,North,Small Business,2024-02-09
262,Customer 262,Bengaluru,South,Consumer,2024-04-21
263,Customer 263,Chennai,East,Corporate,2025-09-02
264,Customer 264,Mumbai,West,Small Business,2025-03-20
265,Customer 265,Pune,Central,Consumer,2024-12-19
266,Customer 266,Delhi,North,Corporate,2024-11-17
267,Customer 267,Kolkata,South,Small Business,2025-03-22
268,Customer 268,Jaipur,East,Consumer,2025-09-12
269,Customer 269,Ahmedabad,West,Corporate,2025-06-07
270,Customer 270,Indore,Central,Small Business,2024-04-28
271,Customer 271,Hyderabad,North,Consumer,2025-01-29
272,Customer 272,Bengaluru,South,Corporate,2025-08-13
273,Customer 273,Chennai,East,Small Business,2024-07-13
274,Customer 274,Mumbai,West,Consumer,2024-09-17
275,Customer 275,Pune,Central,Corporate,2024-02-15
276,Customer 276,Delhi,North,Small Business,2025-03-22
277,Customer 277,Kolkata,South,Consumer,2024-01-02
278,Customer 278,Jaipur,East,Corporate,2025-06-16
279,Customer 279,Ahmedabad,West,Small Business,2025-07-05
280,Customer 280,Indore,Central,Consumer,2025-11-17
281,Customer 281,Hyderabad,North,Corporate,2024-07-20
282,Customer 282,Bengaluru,South,Small Business,2025-01-07
283,Customer 283,Chennai,East,Consumer,2025-03-17
284,Customer 284,Mumbai,West,Corporate,2024-03-12
285,Customer 285,Pune,Central,Small Business,2025-11-11
286,Customer 286,Delhi,North,Consumer,2024-12-04
287,Customer 287,Kolkata,South,Corporate,2025-09-30
288,Customer 288,Jaipur,East,Small Business,2024-11-17
289,Customer 289,Ahmedabad,West,Consumer,2025-11-10
290,Customer 290,Indore,Central,Corporate,2024-05-07
291,Customer 291,Hyderabad,North,Small Business,2024-11-03
292,Customer 292,Bengaluru,South,Consumer,2025-06-03
293,Customer 293,Chennai,East,Corporate,2024-11-12
294,Customer 294,Mumbai,West,Small Business,2025-11-13
295,Customer 295,Pune,Central,Consumer,2025-02-22
296,Customer 296,Delhi,North,Corporate,2024-11-30
297,Customer 297,Kolkata,South,Small Business,2025-02-16
298,Customer 298,Jaipur,East,Consumer,2024-10-29
299,Customer 299,Ahmedabad,West,Corporate,2025-07-21
300,Customer 300,Indore,Central,Small Business,2024-05-10
