employee_id,employee_name,region_id,job_title
1,Aarav Sharma,2,Store Manager
2,Diya Patel,5,Sales Executive
3,Rohan Reddy,5,Senior Sales Executive
4,Ananya Iyer,4,Sales Executive
5,Arjun Gupta,1,Senior Sales Executive
6,Ishita Verma,3,Sales Executive
7,Vikram Singh,1,Sales Executive
8,Meera Nair,5,Sales Executive
9,Karan Joshi,1,Store Manager
10,Neha Mehta,4,Sales Executive
11,Rahul Sharma,5,Sales Executive
12,Pooja Patel,2,Store Manager
13,Aditya Reddy,4,Store Manager
14,Sneha Iyer,2,Senior Sales Executive
15,Nikhil Gupta,5,Store Manager
16,Kavya Verma,4,Sales Executive
17,Varun Singh,5,Store Manager
18,Riya Nair,2,Store Manager
19,Sahil Joshi,3,Senior Sales Executive
20,Tanya Mehta,3,Senior Sales Executive
21,Aarav Sharma,5,Senior Sales Executive
22,Diya Patel,1,Sales Executive
23,Rohan Reddy,2,Sales Executive
24,Ananya Iyer,3,Sales Executive
25,Arjun Gupta,5,Store Manager
26,Ishita Verma,2,Store Manager
27,Vikram Singh,2,Sales Executive
28,Meera Nair,1,Store Manager
29,Karan Joshi,1,Sales Executive
30,Neha Mehta,1,Sales Executive
