order_id,order_date,customer_id,store_id,employee_id,status,payment_method
1,2024-07-15,216,7,22,Returned,UPI
2,2025-08-16,165,8,15,Completed,Wallet
3,2025-06-11,172,2,27,Completed,Wallet
4,2024-03-15,234,7,29,Returned,Cash
5,2024-05-31,3,2,25,Completed,UPI
6,2024-09-12,63,8,5,Completed,Wallet
7,2024-06-11,244,8,9,Completed,Wallet
8,2024-10-05,172,6,29,Cancelled,Credit Card
9,2024-08-07,33,7,14,Completed,Cash
10,2025-05-03,4,6,10,Completed,Net Banking
11,2025-02-02,173,7,24,Completed,Net Banking
12,2025-11-09,14,2,21,Completed,UPI
13,2025-03-07,130,2,16,Completed,Wallet
14,2024-03-11,21,1,8,Completed,Credit Card
15,2024-08-11,239,5,25,Completed,UPI
16,2024-04-20,297,1,30,Completed,Cash
17,2024-05-03,290,1,12,Cancelled,Net Banking
18,2025-03-19,186,8,23,Completed,Net Banking
19,2025-05-10,239,7,27,Returned,Cash
20,2025-09-16,195,6,1,Completed,Debit Card
21,2024-10-13,142,9,1,Cancelled,UPI
22,2025-07-22,124,8,21,Returned,Net Banking
23,2025-06-27,177,7,24,Cancelled,Debit Card
24,2024-05-02,275,3,7,Completed,Wallet
25,2024-07-02,155,1,23,Cancelled,UPI
26,2024-01-13,294,5,16,Completed,Net Banking
27,2025-08-13,28,3,5,Cancelled,Debit Card
28,2025-03-02,116,9,13,Completed,Net Banking
29,2024-04-11,107,4,9,Returned,Credit Card
30,2025-02-22,231,10,16,Completed,Credit Card
31,2025-12-04,120,5,26,Returned,Cash
32,2024-05-25,37,1,6,Completed,Cash
33,2025-05-20,225,2,20,Completed,Net Banking
34,2025-11-19,138,10,2,Completed,Net Banking
35,2024-11-24,54,3,11,Completed,Wallet
36,2025-02-17,264,1,22,Cancelled,Net Banking
37,2024-09-30,282,3,30,Completed,Net Banking
38,2024-04-05,116,2,15,Completed,Wallet
39,2025-05-09,242,4,15,Cancelled,UPI
40,2024-01-03,145,5,27,Cancelled,Cash
41,2024-07-12,123,10,13,Completed,Net Banking
42,2025-01-25,198,3,16,Completed,UPI
43,2024-05-27,210,3,3,Completed,Debit Card
44,2024-11-20,250,9,2,Cancelled,Credit Card
45,2024-04-10,52,8,6,Returned,Debit Card
46,2024-02-27,151,6,12,Completed,UPI
47,2024-06-28,41,10,28,Completed,Cash
48,2025-10-15,131,8,9,Returned,Credit Card
49,2024-09-13,234,5,7,Completed,Net Banking
50,2025-01-02,295,5,23,Completed,Credit Card
51,2024-12-26,113,4,20,Completed,Wallet
52,2025-08-16,187,3,3,Completed,Debit Card
53,2025-05-08,152,6,26,Completed,Net Banking
54,2025-11-23,204,9,12,Completed,Net Banking
55,2025-04-10,189,5,19,Completed,Wallet
56,2024-08-14,33,8,30,Returned,Debit Card
57,2025-01-14,277,7,19,Returned,Wallet
58,2025-02-21,144,1,23,Completed,UPI
59,2024-07-13,63,8,3,Returned,UPI
60,2024-05-08,290,4,3,Cancelled,UPI
61,2025-09-02,2,5,28,Completed,UPI
62,2024-11-27,9,3,9,Completed,UPI
63,2024-08-14,23,9,10,Completed,Wallet
64,2025-02-15,219,2,16,Returned,Net Banking
65,2025-09-14,76,2,5,Completed,Cash
66,2025-12-19,59,9,24,Completed,Net Banking
67,2025-11-12,131,6,5,Returned,Net Banking
68,2025-03-18,50,6,26,Completed,Cash
69,2024-12-03,63,7,12,Returned,Net Banking
70,2024-12-26,54,10,17,Completed,UPI
71,2025-03-15,288,10,20,Returned,Wallet
72,2024-07-03,140,5,30,Completed,Debit Card
73,2025-11-04,206,2,5,Returned,Wallet
74,2025-01-20,215,8,11,Completed,Debit Card
75,2025-09-24,26,2,9,Completed,Wallet
76,2025-11-25,250,9,22,Completed,Credit Card
77,2024-08-04,71,5,10,Completed,Credit Card
78,2024-05-12,195,9,23,Completed,Cash
79,2024-11-16,295,7,19,Completed,Wallet
80,2024-04-18,125,7,19,Completed,Cash
81,2024-12-13,114,6,25,Completed,Credit Card
82,2024-12-23,180,3,8,Completed,UPI
83,2025-07-31,297,8,22,Cancelled,Wallet
84,2024-11-06,141,10,2,Completed,Cash
85,2024-02-08,30,6,27,Completed,Credit Card
86,2025-01-28,237,10,18,Returned,Credit Card
87,2024-04-15,176,2,17,Returned,UPI
88,2025-06-20,268,10,6,Completed,Debit Card
89,2024-12-03,49,9,22,Completed,Debit Card
90,2025-11-10,73,6,10,Returned,Wallet
91,2025-12-20,270,2,21,Returned,Net Banking
92,2024-08-19,71,3,3,Completed,Credit Card
93,2025-09-24,68,10,13,Completed,UPI
94,2025-03-24,23,7,12,Returned,Wallet
95,2025-06-30,123,5,26,Completed,UPI
96,2025-06-24,215,3,27,Completed,Cash
97,2025-01-15,284,2,23,Cancelled,Credit Card
98,2024-08-15,231,6,30,Completed,Net Banking
99,2024-08-29,198,2,12,Completed,Credit Card
100,2025-04-28,72,8,15,Cancelled,Credit Card
101,2024-06-02,281,10,17,Completed,Credit Card
102,2024-03-05,57,8,20,Cancelled,Credit Card
103,2024-12-27,124,10,14,Completed,Wallet
104,2025-06-22,279,9,26,Cancelled,Cash
105,2025-10-12,199,6,9,Returned,Credit Card
106,2024-12-06,69,1,12,Cancelled,Debit Card
107,2024-07-05,70,2,23,Completed,Credit Card
108,2025-07-10,243,5,2,Returned,UPI
109,2025-01-11,224,7,24,Completed,Net Banking
110,2025-03-10,41,7,20,Completed,Cash
111,2025-03-12,86,8,12,Completed,Credit Card
112,2025-11-26,82,1,5,Cancelled,Wallet
113,2025-04-05,190,6,15,Completed,Cash
114,2024-04-26,14,3,16,Cancelled,Net Banking
115,2025-04-01,110,10,10,Returned,Net Banking
116,2025-03-31,45,6,22,Completed,Wallet
117,2024-11-03,81,3,26,Completed,Cash
118,2025-01-04,284,10,12,Completed,Cash
119,2025-05-05,270,7,25,Completed,Cash
120,2024-03-16,231,8,22,Cancelled,Debit Card
121,2024-05-12,222,9,30,Completed,Credit Card
122,2025-06-15,146,2,9,Completed,Wallet
123,2025-08-17,79,3,22,Cancelled,Wallet
124,2025-08-13,136,4,25,Cancelled,Net Banking
125,2025-10-19,155,8,8,Returned,Net Banking
126,2024-07-27,175,10,5,Completed,Wallet
127,2024-11-22,124,8,4,Completed,Net Banking
128,2025-09-22,215,4,28,Completed,Debit Card
129,2024-01-24,47,7,17,Completed,UPI
130,2025-09-03,241,5,18,Completed,Credit Card
131,2025-07-29,100,6,18,Completed,Credit Card
132,2025-02-07,192,6,18,Completed,UPI
133,2024-02-09,71,6,26,Completed,Cash
134,2024-11-02,173,9,27,Cancelled,Cash
135,2025-12-05,14,10,16,Completed,Wallet
136,2025-10-06,195,3,27,Returned,UPI
137,2024-01-20,226,6,14,Completed,Net Banking
138,2024-05-21,266,4,18,Completed,Wallet
139,2025-05-10,99,4,9,Cancelled,Debit Card
140,2025-12-22,251,6,16,Completed,Cash
141,2024-05-29,149,1,10,Returned,Credit Card
142,2025-07-05,139,9,23,Completed,UPI
143,2024-09-05,26,9,8,Returned,UPI
144,2025-04-28,52,3,1,Cancelled,UPI
145,2024-03-01,46,10,8,Cancelled,Wallet
146,2024-06-29,19,7,26,Completed,UPI
147,2025-04-10,279,9,16,Completed,Cash
148,2024-12-11,152,10,22,Completed,UPI
149,2024-01-07,134,7,8,Completed,Debit Card
150,2024-08-29,32,2,15,Completed,UPI
151,2024-08-12,69,8,5,Completed,Wallet
152,2024-09-10,42,9,15,Cancelled,Wallet
153,2025-07-03,77,3,11,Cancelled,Net Banking
154,2025-08-20,251,2,29,Cancelled,Net Banking
155,2025-03-01,234,10,2,Cancelled,Net Banking
156,2024-03-15,24,7,12,Returned,Credit Card
157,2024-02-02,147,7,6,Completed,Wallet
158,2024-07-01,276,7,17,Completed,Wallet
159,2025-07-11,218,9,13,Completed,UPI
160,2024-04-13,18,8,20,Returned,Wallet
161,2025-03-25,120,9,7,Completed,UPI
162,2024-11-05,74,9,8,Completed,Debit Card
163,2024-12-18,196,9,11,Returned,Net Banking
164,2025-04-19,30,9,14,Completed,Cash
165,2024-03-21,231,6,3,Cancelled,Wallet
166,2024-02-10,38,4,26,Cancelled,Wallet
167,2024-07-13,61,8,30,Completed,Wallet
168,2024-10-16,195,8,18,Returned,Debit Card
169,2024-11-23,105,6,11,Completed,Credit Card
170,2025-08-16,214,5,5,Completed,Debit Card
171,2025-12-02,173,5,25,Completed,Wallet
172,2025-10-19,31,9,2,Completed,Wallet
173,2024-05-20,119,2,23,Completed,Credit Card
174,2025-11-13,248,8,1,Completed,Cash
175,2024-07-02,55,2,17,Completed,UPI
176,2025-02-10,41,6,13,Completed,Cash
177,2025-10-27,17,2,13,Completed,Net Banking
178,2024-04-07,271,1,8,Completed,Wallet
179,2024-07-31,74,7,30,Completed,Debit Card
180,2025-07-07,170,7,25,Returned,UPI
181,2024-04-10,224,4,27,Completed,Debit Card
182,2025-03-18,96,10,22,Completed,Credit Card
183,2025-10-11,79,7,11,Completed,Credit Card
184,2025-01-03,139,2,5,Completed,UPI
185,2024-11-28,198,1,10,Completed,Net Banking
186,2025-08-08,267,3,22,Completed,UPI
187,2024-06-20,223,5,14,Completed,Net Banking
188,2025-10-02,254,10,20,Completed,Net Banking
189,2025-02-09,171,10,13,Completed,Net Banking
190,2024-07-24,246,6,6,Completed,Debit Card
191,2025-02-06,187,2,30,Cancelled,UPI
192,2024-08-02,225,5,27,Returned,Credit Card
193,2025-01-21,38,8,20,Completed,Cash
194,2025-10-15,44,2,25,Completed,Wallet
195,2025-03-16,55,1,4,Completed,UPI
196,2025-05-27,78,6,1,Completed,Credit Card
197,2025-04-11,106,9,16,Completed,Net Banking
198,2024-03-09,154,1,26,Returned,Credit Card
199,2024-04-21,85,4,17,Completed,Cash
200,2025-02-18,95,3,21,Returned,Net Banking
201,2024-10-12,33,10,4,Cancelled,UPI
202,2025-02-01,201,10,4,Completed,Debit Card
203,2024-11-08,60,3,12,Returned,UPI
204,2024-06-19,251,5,5,Completed,Debit Card
205,2025-05-21,210,8,14,Returned,Net Banking
206,2025-04-13,290,8,18,Cancelled,Credit Card
207,2025-01-10,278,1,25,Returned,Net Banking
208,2024-09-26,179,2,15,Completed,UPI
209,2025-12-28,220,3,20,Completed,UPI
210,2025-09-03,276,3,11,Returned,Debit Card
211,2024-10-10,65,3,8,Completed,Wallet
212,2025-02-28,193,8,3,Returned,Credit Card
213,2025-04-14,184,2,26,Cancelled,Net Banking
214,2024-10-17,173,9,19,Completed,Cash
215,2024-06-10,226,8,1,Completed,UPI
216,2025-11-01,185,5,3,Completed,Wallet
217,2025-11-02,47,2,1,Completed,Net Banking
218,2025-06-15,228,1,1,Returned,Debit Card
219,2024-05-15,245,2,8,Completed,Credit Card
220,2024-11-02,71,7,25,Completed,Wallet
221,2024-06-17,226,6,24,Completed,Wallet
222,2024-08-10,45,2,5,Completed,Cash
223,2025-09-06,146,1,28,Returned,Debit Card
224,2025-10-23,28,4,16,Completed,Credit Card
225,2025-01-04,163,3,13,Cancelled,Net Banking
226,2024-01-15,135,4,2,Completed,Net Banking
227,2025-09-22,79,5,3,Completed,Credit Card
228,2025-10-11,34,5,23,Completed,Wallet
229,2025-09-18,29,5,22,Returned,Wallet
230,2025-05-23,178,9,17,Returned,Debit Card
231,2024-01-31,172,7,9,Cancelled,Credit Card
232,2025-05-26,291,3,12,Completed,Debit Card
233,2024-04-28,117,9,1,Completed,Credit Card
234,2024-02-06,284,7,8,Completed,UPI
235,2024-08-16,265,1,13,Completed,Net Banking
236,2024-07-24,150,10,26,Completed,Wallet
237,2025-07-13,126,3,1,Completed,Credit Card
238,2025-11-04,193,5,4,Completed,Cash
239,2024-02-14,119,9,14,Returned,Debit Card
240,2025-11-09,67,4,10,Completed,Debit Card
241,2025-08-21,56,3,4,Completed,Net Banking
242,2024-05-02,47,3,26,Returned,Debit Card
243,2024-04-03,128,6,13,Cancelled,Credit Card
244,2024-04-06,237,2,26,Completed,Credit Card
245,2024-07-21,206,6,22,Returned,Wallet
246,2024-03-17,12,2,7,Returned,Net Banking
247,2024-02-21,87,10,14,Returned,Net Banking
248,2024-02-05,126,5,16,Completed,Cash
249,2024-01-20,196,6,16,Cancelled,Net Banking
250,2025-09-03,113,1,29,Completed,Credit Card
251,2024-02-27,113,10,28,Completed,Debit Card
252,2024-01-29,181,10,19,Completed,Cash
253,2025-05-17,20,2,2,Completed,Cash
254,2024-07-25,67,6,23,Completed,Debit Card
255,2025-12-22,73,2,28,Cancelled,Debit Card
256,2024-04-13,173,5,11,Completed,UPI
257,2025-11-12,90,7,10,Returned,Wallet
258,2024-07-05,163,10,8,Returned,Cash
259,2024-12-05,40,4,12,Completed,UPI
260,2024-01-12,136,4,8,Returned,Credit Card
261,2025-02-27,253,7,12,Cancelled,Net Banking
262,2025-08-14,116,3,15,Completed,Credit Card
263,2024-03-17,281,2,11,Cancelled,Cash
264,2024-07-13,210,9,24,Returned,Cash
265,2025-05-17,79,1,12,Completed,Net Banking
266,2024-07-23,50,1,7,Completed,Wallet
267,2024-09-28,47,9,13,Completed,Debit Card
268,2024-03-04,78,2,3,Returned,Debit Card
269,2025-05-01,294,4,16,Completed,Credit Card
270,2024-05-03,230,3,6,Completed,UPI
271,2025-10-04,76,10,9,Completed,Wallet
272,2025-02-10,283,6,28,Completed,Cash
273,2024-05-31,291,10,19,Completed,Credit Card
274,2025-07-02,177,7,9,Completed,Wallet
275,2025-02-09,170,4,2,Returned,Net Banking
276,2025-05-18,51,4,5,Completed,Wallet
277,2025-05-11,265,6,27,Completed,Cash
278,2025-06-20,292,1,6,Completed,UPI
279,2024-02-21,185,4,9,Completed,Net Banking
280,2025-04-30,283,6,12,Completed,Debit Card
281,2024-02-20,84,10,25,Completed,UPI
282,2024-01-21,5,8,30,Completed,Wallet
283,2024-11-08,141,7,29,Completed,Debit Card
284,2025-11-09,192,9,21,Cancelled,Cash
285,2024-10-10,134,5,7,Completed,Cash
286,2024-05-23,14,8,10,Completed,Net Banking
287,2025-05-02,184,9,10,Completed,Wallet
288,2025-07-26,94,6,21,Completed,UPI
289,2024-10-28,238,2,16,Completed,Wallet
290,2024-05-02,196,9,10,Completed,Credit Card
291,2024-05-26,162,3,25,Completed,Net Banking
292,2024-06-21,296,3,16,Completed,UPI
293,2024-11-25,272,4,1,Returned,Credit Card
294,2025-01-27,258,10,10,Completed,Credit Card
295,2025-06-16,269,6,14,Returned,UPI
296,2024-05-14,109,1,19,Cancelled,UPI
297,2025-10-17,131,9,20,Completed,Cash
298,2024-01-21,25,2,14,Completed,Net Banking
299,2025-12-19,79,4,23,Returned,Wallet
300,2024-04-13,267,5,20,Cancelled,Wallet
301,2024-10-16,59,2,16,Completed,Cash
302,2025-02-23,152,3,2,Cancelled,Net Banking
303,2024-01-14,46,2,27,Cancelled,Wallet
304,2025-04-20,26,2,27,Completed,Credit Card
305,2024-05-21,88,6,12,Completed,Cash
306,2025-02-13,234,5,27,Completed,Wallet
307,2025-03-02,248,10,22,Completed,UPI
308,2024-09-24,161,1,23,Returned,Cash
309,2025-12-18,49,7,22,Returned,UPI
310,2025-04-25,254,3,3,Completed,Debit Card
311,2025-10-20,194,7,27,Completed,Credit Card
312,2025-02-17,212,1,18,Cancelled,Credit Card
313,2025-10-14,156,9,18,Completed,Wallet
314,2025-04-29,187,8,4,Completed,Wallet
315,2025-06-18,192,2,2,Completed,Net Banking
316,2024-07-19,97,2,30,Completed,UPI
317,2025-11-05,259,3,16,Completed,Cash
318,2025-08-22,248,9,25,Completed,Wallet
319,2025-09-06,165,9,29,Completed,Net Banking
320,2024-05-16,71,7,20,Returned,Wallet
321,2024-08-02,149,6,30,Returned,UPI
322,2024-12-26,288,8,19,Cancelled,Wallet
323,2025-01-25,75,1,22,Completed,UPI
324,2024-10-29,105,9,2,Completed,Net Banking
325,2024-08-17,288,7,8,Cancelled,Wallet
326,2024-02-25,7,5,7,Cancelled,Net Banking
327,2025-09-09,101,4,10,Completed,UPI
328,2025-06-10,62,7,2,Completed,Debit Card
329,2024-06-06,166,10,2,Returned,Cash
330,2024-08-13,95,9,3,Cancelled,UPI
331,2025-09-25,272,8,18,Returned,Credit Card
332,2024-09-03,125,1,22,Completed,Net Banking
333,2024-10-16,13,9,27,Completed,Cash
334,2024-01-08,34,4,22,Returned,UPI
335,2024-12-05,20,2,3,Completed,UPI
336,2025-02-18,222,6,1,Completed,Wallet
337,2025-09-25,33,10,2,Returned,Credit Card
338,2025-03-24,196,7,27,Returned,Credit Card
339,2025-07-20,285,3,4,Completed,Credit Card
340,2024-06-13,95,4,20,Completed,UPI
341,2024-02-25,282,8,21,Cancelled,Credit Card
342,2024-05-11,121,2,10,Cancelled,Credit Card
343,2024-11-09,300,3,19,Cancelled,Debit Card
344,2025-01-03,69,6,29,Completed,Net Banking
345,2024-05-23,276,4,9,Returned,Wallet
346,2025-06-03,16,10,19,Completed,Cash
347,2025-04-28,77,6,13,Completed,Cash
348,2025-11-09,123,10,22,Completed,Cash
349,2024-05-29,248,6,2,Completed,Net Banking
350,2024-07-30,266,6,13,Completed,Net Banking
351,2025-12-21,267,5,27,Returned,Debit Card
352,2024-03-20,265,5,13,Completed,Cash
353,2024-03-19,264,5,7,Completed,UPI
354,2024-12-04,59,8,22,Completed,Net Banking
355,2024-05-10,294,10,6,Completed,Wallet
356,2024-02-27,86,5,30,Completed,Cash
357,2024-08-12,211,10,5,Cancelled,UPI
358,2025-01-22,198,3,4,Completed,UPI
359,2024-04-30,48,8,22,Completed,Cash
360,2025-03-06,190,1,23,Cancelled,Net Banking
361,2025-12-14,295,2,14,Completed,Debit Card
362,2025-12-27,4,10,17,Completed,Cash
363,2024-11-19,210,6,4,Completed,Net Banking
364,2025-02-10,105,7,18,Cancelled,Net Banking
365,2025-08-14,177,7,24,Completed,Wallet
366,2025-12-17,83,2,7,Cancelled,Net Banking
367,2024-04-03,75,8,30,Cancelled,Net Banking
368,2025-01-14,41,10,2,Returned,Net Banking
369,2025-11-03,266,5,7,Completed,Cash
370,2024-01-01,81,2,9,Completed,Debit Card
371,2024-12-22,178,5,8,Cancelled,UPI
372,2024-10-28,175,2,26,Cancelled,Debit Card
373,2025-04-14,236,10,28,Completed,Net Banking
374,2025-10-10,113,4,26,Completed,Net Banking
375,2024-12-16,39,9,30,Completed,Net Banking
376,2024-07-23,121,4,28,Completed,UPI
377,2024-06-08,55,2,30,Completed,Wallet
378,2024-10-08,252,3,25,Cancelled,Debit Card
379,2025-02-07,90,8,4,Returned,Cash
380,2024-09-22,96,9,9,Completed,Debit Card
381,2025-04-06,93,10,5,Cancelled,Wallet
382,2025-03-18,196,4,5,Returned,UPI
383,2024-09-13,288,10,2,Completed,Credit Card
384,2024-12-08,134,6,12,Cancelled,Cash
385,2025-10-27,276,3,25,Completed,Debit Card
386,2025-10-08,75,3,21,Completed,Net Banking
387,2024-09-30,203,5,29,Completed,Debit Card
388,2024-06-19,204,2,4,Completed,Net Banking
389,2024-03-26,54,5,20,Completed,Credit Card
390,2024-02-05,183,6,28,Completed,Net Banking
391,2025-10-13,289,7,17,Returned,Wallet
392,2025-02-26,134,3,10,Completed,Credit Card
393,2025-05-18,245,5,1,Completed,Debit Card
394,2025-07-28,224,7,8,Completed,Wallet
395,2025-10-26,273,5,14,Completed,Credit Card
396,2025-04-08,140,10,16,Completed,Debit Card
397,2024-01-23,96,2,10,Completed,UPI
398,2025-05-25,191,8,23,Completed,Debit Card
399,2024-09-29,201,2,18,Completed,UPI
400,2024-01-13,63,4,13,Completed,UPI
401,2024-04-06,267,4,16,Completed,Wallet
402,2025-05-07,153,4,12,Completed,Wallet
403,2024-10-09,300,2,13,Completed,Credit Card
404,2025-09-02,80,6,25,Completed,UPI
405,2024-12-30,79,9,26,Completed,UPI
406,2024-05-17,129,1,16,Returned,Net Banking
407,2025-04-24,141,10,30,Cancelled,UPI
408,2024-10-29,135,9,12,Completed,Credit Card
409,2024-03-05,276,7,7,Cancelled,Wallet
410,2025-11-05,35,1,27,Completed,UPI
411,2024-07-15,51,1,19,Returned,Net Banking
412,2024-08-01,252,2,15,Returned,Credit Card
413,2025-09-23,137,9,2,Returned,Credit Card
414,2024-07-16,270,4,19,Returned,UPI
415,2024-07-03,282,7,17,Completed,Wallet
416,2024-11-28,191,7,25,Returned,Net Banking
417,2024-09-17,185,8,15,Completed,Credit Card
418,2025-06-14,70,5,1,Completed,UPI
419,2025-06-07,285,10,30,Cancelled,UPI
420,2024-06-08,71,5,12,Cancelled,UPI
421,2025-08-05,112,2,24,Completed,Net Banking
422,2025-10-19,154,1,24,Cancelled,Net Banking
423,2024-12-08,179,7,14,Completed,UPI
424,2024-11-08,269,1,11,Cancelled,Cash
425,2025-02-06,229,10,19,Cancelled,Credit Card
426,2024-03-25,244,10,24,Completed,Cash
427,2025-05-14,203,10,7,Cancelled,Cash
428,2025-12-02,295,2,4,Returned,Net Banking
429,2025-03-28,75,8,2,Completed,UPI
430,2024-10-21,8,6,23,Completed,Debit Card
431,2025-05-09,73,1,13,Cancelled,Wallet
432,2024-10-17,103,10,9,Completed,Net Banking
433,2024-10-04,185,2,1,Completed,Wallet
434,2024-07-22,257,8,18,Returned,Credit Card
435,2024-12-07,251,7,24,Completed,Credit Card
436,2024-09-20,199,1,18,Completed,UPI
437,2025-01-26,267,10,28,Returned,Wallet
438,2025-09-11,169,8,18,Completed,UPI
439,2025-12-06,269,3,14,Completed,Wallet
440,2024-11-21,75,1,25,Completed,Net Banking
441,2025-09-18,137,10,19,Cancelled,UPI
442,2025-05-03,69,9,28,Cancelled,Net Banking
443,2024-02-03,210,1,30,Completed,Net Banking
444,2024-06-30,225,10,16,Returned,Debit Card
445,2025-08-08,275,9,21,Returned,Credit Card
446,2024-02-13,126,9,18,Completed,Wallet
447,2025-10-07,26,4,10,Completed,Net Banking
448,2025-12-07,265,3,15,Returned,Net Banking
449,2024-07-03,300,9,5,Completed,Net Banking
450,2024-11-27,84,2,3,Completed,Wallet
451,2024-02-14,88,6,19,Returned,UPI
452,2024-11-11,159,8,10,Returned,UPI
453,2024-01-04,130,1,15,Completed,Net Banking
454,2024-08-10,244,8,14,Completed,Credit Card
455,2025-09-26,286,4,2,Completed,UPI
456,2024-05-28,17,10,27,Cancelled,Debit Card
457,2025-11-07,294,9,6,Completed,Wallet
458,2025-03-13,282,2,10,Completed,UPI
459,2025-06-23,212,9,7,Returned,UPI
460,2025-10-06,271,2,16,Returned,Wallet
461,2024-05-12,289,8,17,Returned,Wallet
462,2025-10-02,61,4,26,Cancelled,Net Banking
463,2024-11-03,260,9,11,Completed,Credit Card
464,2024-12-04,174,8,30,Completed,Credit Card
465,2025-04-18,212,1,27,Cancelled,Debit Card
466,2024-06-01,144,1,11,Completed,Wallet
467,2024-11-11,162,1,9,Completed,Credit Card
468,2024-02-08,104,2,15,Cancelled,Credit Card
469,2025-06-12,68,4,24,Completed,Net Banking
470,2025-04-23,24,2,17,Returned,Wallet
471,2024-10-20,142,9,11,Completed,Wallet
472,2024-10-07,59,1,20,Cancelled,Cash
473,2025-07-16,164,5,5,Returned,Debit Card
474,2025-03-30,26,3,1,Completed,Wallet
475,2024-03-29,219,7,6,Returned,Cash
476,2025-12-16,240,2,15,Completed,Wallet
477,2024-11-28,233,8,1,Completed,Net Banking
478,2024-06-23,145,6,20,Cancelled,UPI
479,2025-07-23,37,5,18,Completed,Net Banking
480,2025-03-21,291,6,18,Returned,UPI
481,2025-08-29,238,6,18,Completed,Net Banking
482,2025-09-02,195,6,16,Returned,Wallet
483,2024-05-22,298,1,25,Completed,Wallet
484,2025-04-02,101,4,22,Completed,Debit Card
485,2025-02-17,66,5,2,Completed,Cash
486,2025-01-02,57,5,28,Completed,UPI
487,2025-11-09,89,8,5,Completed,Cash
488,2025-05-13,224,3,3,Completed,Wallet
489,2025-04-05,197,6,8,Completed,Net Banking
490,2024-08-30,257,5,14,Cancelled,Cash
491,2025-06-23,144,8,17,Completed,Cash
492,2025-11-10,40,9,26,Cancelled,Debit Card
493,2024-01-12,241,8,17,Completed,Cash
494,2024-11-07,289,5,2,Returned,Net Banking
495,2024-10-20,249,2,5,Cancelled,Credit Card
496,2024-06-27,78,8,12,Completed,Debit Card
497,2024-03-27,75,10,30,Completed,Net Banking
498,2025-10-19,136,2,2,Completed,Net Banking
499,2025-06-27,223,1,10,Completed,Net Banking
500,2025-10-29,140,6,9,Completed,Credit Card
501,2024-07-18,267,6,22,Returned,UPI
502,2025-06-21,54,8,12,Completed,Wallet
503,2024-08-10,63,2,3,Cancelled,UPI
504,2025-11-07,39,8,30,Completed,Net Banking
505,2024-03-02,133,5,6,Completed,Credit Card
506,2025-09-20,55,8,23,Completed,Credit Card
507,2024-09-13,229,1,29,Completed,UPI
508,2025-02-03,137,3,23,Completed,Net Banking
509,2025-03-22,207,2,18,Completed,Credit Card
510,2024-02-26,47,6,18,Completed,Credit Card
511,2025-12-13,200,2,21,Returned,Debit Card
512,2025-05-15,200,2,26,Cancelled,Wallet
513,2024-02-13,208,2,7,Returned,Wallet
514,2025-09-25,24,4,23,Returned,UPI
515,2024-04-09,234,10,6,Cancelled,Credit Card
516,2025-09-22,113,2,26,Completed,Net Banking
517,2024-05-20,165,4,25,Completed,Cash
518,2025-03-01,87,6,18,Completed,Net Banking
519,2025-10-09,193,3,1,Completed,Credit Card
520,2025-12-24,146,7,23,Completed,Wallet
521,2024-09-01,90,10,23,Completed,Cash
522,2025-03-04,3,9,8,Completed,Credit Card
523,2025-07-06,260,4,15,Returned,Wallet
524,2025-04-30,255,3,6,Returned,Credit Card
525,2024-08-02,223,5,11,Cancelled,Net Banking
526,2024-06-29,81,1,16,Cancelled,Credit Card
527,2025-03-31,297,6,14,Completed,Wallet
528,2024-07-23,193,4,3,Completed,Cash
529,2024-07-17,184,5,7,Completed,UPI
530,2024-10-14,70,2,28,Completed,Net Banking
531,2024-08-23,45,7,28,Cancelled,Net Banking
532,2025-03-14,127,4,11,Completed,Cash
533,2025-03-03,23,1,16,Returned,Cash
534,2025-05-05,51,8,16,Completed,Credit Card
535,2024-05-15,184,5,8,Returned,Credit Card
536,2025-12-21,236,10,24,Cancelled,Credit Card
537,2025-10-04,37,7,29,Returned,Debit Card
538,2024-10-03,278,10,26,Completed,Wallet
539,2024-02-26,264,6,29,Completed,Credit Card
540,2025-12-27,105,3,11,Completed,Cash
541,2025-08-17,108,4,11,Completed,Debit Card
542,2025-12-27,273,9,29,Completed,Net Banking
543,2024-07-02,148,2,4,Completed,Debit Card
544,2024-06-03,105,9,21,Completed,Debit Card
545,2024-01-23,119,9,21,Completed,Net Banking
546,2025-04-13,156,10,5,Completed,UPI
547,2025-04-11,86,10,30,Completed,Wallet
548,2025-08-11,65,8,9,Completed,UPI
549,2024-05-31,191,8,18,Completed,Cash
550,2024-01-05,280,9,11,Returned,Wallet
551,2025-03-28,174,2,24,Completed,Credit Card
552,2025-09-24,113,8,12,Completed,Debit Card
553,2025-06-23,114,5,7,Completed,Credit Card
554,2025-11-13,185,7,5,Returned,Net Banking
555,2025-07-28,45,4,24,Completed,Wallet
556,2024-07-31,156,8,28,Cancelled,Debit Card
557,2025-01-19,46,1,14,Returned,Debit Card
558,2025-07-21,252,1,27,Completed,Cash
559,2024-09-25,154,8,4,Returned,Wallet
560,2024-03-09,186,10,16,Cancelled,Net Banking
561,2024-09-22,84,10,2,Completed,Debit Card
562,2024-10-23,150,9,21,Completed,Cash
563,2024-06-20,279,6,28,Completed,Wallet
564,2024-05-27,7,3,17,Completed,Debit Card
565,2025-07-26,270,9,23,Cancelled,Wallet
566,2024-04-29,68,1,16,Completed,Debit Card
567,2024-05-01,114,3,28,Returned,UPI
568,2025-12-08,58,2,1,Completed,Net Banking
569,2025-11-06,263,10,2,Completed,Credit Card
570,2024-07-29,103,3,22,Completed,Credit Card
571,2024-12-22,181,3,28,Cancelled,Wallet
572,2024-01-15,271,4,23,Completed,Debit Card
573,2025-05-31,244,6,23,Cancelled,UPI
574,2024-11-17,64,8,4,Cancelled,UPI
575,2024-10-17,234,10,24,Completed,Wallet
576,2024-01-14,252,2,13,Completed,Cash
577,2025-02-14,53,3,3,Completed,UPI
578,2025-05-26,143,10,19,Completed,Wallet
579,2024-05-05,129,8,16,Completed,Wallet
580,2025-11-25,14,3,13,Cancelled,Wallet
581,2025-05-19,239,4,10,Returned,Net Banking
582,2025-04-05,162,7,15,Completed,Credit Card
583,2024-11-06,85,8,14,Completed,Debit Card
584,2025-07-29,81,9,2,Completed,Debit Card
585,2024-05-11,188,6,26,Returned,Cash
586,2024-04-09,220,6,12,Completed,Debit Card
587,2024-08-28,160,10,3,Returned,Credit Card
588,2025-03-08,291,9,29,Completed,Debit Card
589,2024-01-23,163,7,19,Completed,Debit Card
590,2025-12-08,106,6,16,Cancelled,Wallet
591,2025-07-02,110,5,9,Completed,Debit Card
592,2025-08-03,272,8,14,Completed,Debit Card
593,2024-11-03,222,9,11,Completed,Net Banking
594,2025-05-26,110,8,9,Returned,Cash
595,2025-12-02,154,7,14,Completed,Credit Card
596,2024-06-13,132,10,8,Completed,UPI
597,2024-09-08,159,8,16,Cancelled,Net Banking
598,2025-07-17,91,1,24,Completed,Credit Card
599,2025-09-08,153,2,29,Completed,Debit Card
600,2024-04-24,293,9,30,Completed,Cash
601,2025-08-21,200,4,30,Completed,UPI
602,2024-09-17,29,8,18,Completed,Wallet
603,2025-05-01,127,5,29,Completed,Debit Card
604,2025-07-19,197,5,21,Returned,Debit Card
605,2025-03-29,199,1,30,Completed,Debit Card
606,2025-10-08,163,7,26,Completed,Debit Card
607,2025-02-26,171,7,29,Completed,UPI
608,2025-12-12,15,1,21,Returned,UPI
609,2024-09-12,265,3,28,Cancelled,Wallet
610,2024-10-15,102,2,14,Completed,UPI
611,2025-04-18,102,5,23,Completed,Credit Card
612,2025-06-22,223,8,27,Returned,Net Banking
613,2024-09-29,148,8,13,Completed,Net Banking
614,2024-07-03,210,3,1,Completed,Debit Card
615,2025-10-24,235,2,1,Completed,UPI
616,2025-09-03,132,2,4,Cancelled,Credit Card
617,2024-12-28,24,1,9,Cancelled,Cash
618,2025-05-19,174,8,5,Completed,Debit Card
619,2024-10-16,135,10,27,Completed,Cash
620,2025-11-04,226,1,7,Completed,Credit Card
621,2025-04-23,224,2,29,Completed,Credit Card
622,2024-07-27,146,3,27,Completed,Wallet
623,2025-08-07,93,7,30,Completed,UPI
624,2024-11-27,79,1,3,Completed,Wallet
625,2025-08-05,67,4,28,Completed,Wallet
626,2024-09-18,92,4,25,Completed,Credit Card
627,2025-02-01,207,5,21,Returned,UPI
628,2025-03-18,159,10,5,Completed,Wallet
629,2024-07-23,251,8,29,Completed,Net Banking
630,2024-07-09,223,7,3,Completed,Cash
631,2024-10-24,240,7,3,Completed,Debit Card
632,2025-03-13,152,10,2,Cancelled,Credit Card
633,2025-03-11,212,2,15,Returned,Wallet
634,2025-11-08,237,3,26,Completed,Net Banking
635,2024-10-31,161,10,24,Completed,Wallet
636,2025-07-01,10,1,13,Completed,Credit Card
637,2025-11-04,250,5,20,Cancelled,Debit Card
638,2024-01-28,108,8,21,Completed,Wallet
639,2025-04-19,76,8,14,Completed,Credit Card
640,2025-04-05,300,4,7,Completed,Cash
641,2024-02-07,250,7,16,Cancelled,Cash
642,2025-03-03,243,2,16,Cancelled,Wallet
643,2024-12-18,225,4,17,Completed,Cash
644,2025-11-20,185,8,26,Completed,Cash
645,2024-06-26,103,3,20,Completed,Credit Card
646,2025-05-30,17,2,11,Completed,Credit Card
647,2024-12-29,24,9,9,Completed,Wallet
648,2025-04-13,57,2,26,Cancelled,Cash
649,2025-06-03,54,3,21,Completed,UPI
650,2025-10-24,187,6,27,Completed,Credit Card
651,2024-10-20,259,3,3,Completed,Debit Card
652,2025-02-23,235,9,26,Returned,Debit Card
653,2024-01-11,265,2,3,Completed,Debit Card
654,2025-12-31,267,5,14,Completed,Wallet
655,2025-12-18,207,8,21,Completed,Cash
656,2025-02-03,65,9,18,Completed,UPI
657,2025-06-17,175,3,1,Completed,Cash
658,2024-03-02,191,5,21,Cancelled,Debit Card
659,2024-11-01,294,1,15,Completed,UPI
660,2024-05-23,194,9,24,Completed,Credit Card
661,2025-02-25,42,2,2,Completed,UPI
662,2024-09-27,300,8,21,Completed,Net Banking
663,2025-06-25,61,4,15,Completed,Credit Card
664,2024-05-03,190,10,10,Completed,Cash
665,2025-05-12,15,3,5,Cancelled,Net Banking
666,2024-08-08,94,8,1,Completed,Cash
667,2024-12-11,194,8,27,Returned,Cash
668,2025-04-05,230,3,28,Returned,Debit Card
669,2025-09-30,210,7,8,Completed,Debit Card
670,2024-10-11,46,3,23,Completed,Cash
671,2024-02-24,292,9,7,Completed,Cash
672,2024-01-20,141,4,8,Returned,Cash
673,2025-03-23,93,7,1,Cancelled,Debit Card
674,2024-11-10,209,3,2,Cancelled,Debit Card
675,2024-11-23,73,7,29,Completed,Debit Card
676,2025-05-31,198,2,9,Completed,Debit Card
677,2024-04-13,127,9,21,Completed,Debit Card
678,2025-03-09,285,8,2,Completed,Net Banking
679,2025-11-27,195,6,27,Returned,UPI
680,2025-12-16,63,3,24,Cancelled,Debit Card
681,2024-09-08,165,6,7,Completed,Cash
682,2024-01-10,89,7,18,Returned,Wallet
683,2025-01-20,184,7,6,Returned,Credit Card
684,2025-03-31,5,4,24,Completed,Debit Card
685,2025-05-20,186,1,9,Completed,Wallet
686,2025-05-27,253,3,18,Completed,Wallet
687,2024-09-22,292,4,29,Cancelled,Wallet
688,2025-07-27,233,1,14,Returned,Wallet
689,2025-02-20,141,2,22,Cancelled,Net Banking
690,2025-02-05,100,6,3,Cancelled,Credit Card
691,2024-12-03,160,2,21,Returned,Credit Card
692,2024-01-25,172,5,8,Completed,Net Banking
693,2024-08-30,38,10,20,Completed,Credit Card
694,2025-03-28,29,5,20,Returned,Net Banking
695,2024-02-23,151,7,13,Completed,Cash
696,2025-09-26,52,6,21,Returned,Credit Card
697,2024-05-09,261,5,12,Completed,Net Banking
698,2025-01-01,160,10,29,Cancelled,UPI
699,2024-01-09,266,10,22,Returned,UPI
700,2025-07-26,28,7,12,Completed,UPI
701,2025-12-09,240,10,23,Completed,Cash
702,2024-08-12,2,4,23,Completed,Net Banking
703,2025-02-13,95,1,12,Completed,Credit Card
704,2025-01-03,23,1,7,Completed,Debit Card
705,2025-07-21,126,3,7,Completed,UPI
706,2025-04-12,123,6,26,Completed,Wallet
707,2024-05-27,67,4,7,Cancelled,Net Banking
708,2025-07-02,151,3,11,Completed,Credit Card
709,2025-04-26,34,3,17,Completed,Wallet
710,2025-05-21,243,5,19,Completed,Wallet
711,2025-04-07,121,7,7,Completed,Net Banking
712,2025-03-31,266,6,8,Cancelled,Credit Card
713,2024-10-06,196,1,6,Completed,UPI
714,2024-03-21,142,4,4,Completed,Credit Card
715,2025-11-30,141,4,23,Cancelled,UPI
716,2025-08-16,7,8,21,Cancelled,UPI
717,2025-04-17,175,2,11,Completed,Net Banking
718,2025-11-05,182,6,8,Completed,Net Banking
719,2024-06-06,170,10,21,Cancelled,Cash
720,2025-10-16,156,2,6,Completed,Wallet
721,2024-07-22,36,7,10,Completed,UPI
722,2024-11-30,211,7,6,Completed,UPI
723,2025-09-10,295,5,19,Completed,Cash
724,2025-05-17,236,8,19,Completed,Wallet
725,2025-12-18,153,7,20,Completed,Net Banking
726,2025-01-28,94,10,4,Completed,Wallet
727,2025-10-05,276,5,22,Completed,Wallet
728,2025-01-12,40,2,17,Completed,Net Banking
729,2025-02-12,100,7,2,Completed,Debit Card
730,2025-11-17,238,8,15,Completed,Credit Card
731,2024-06-14,88,1,20,Completed,UPI
732,2024-10-06,79,8,12,Completed,UPI
733,2025-03-28,25,9,21,Returned,Wallet
734,2024-02-23,3,1,25,Completed,UPI
735,2025-03-07,15,1,11,Completed,Wallet
736,2025-11-11,86,3,2,Completed,Cash
737,2025-07-29,98,10,7,Cancelled,Net Banking
738,2025-02-02,109,8,8,Completed,Wallet
739,2025-09-05,256,2,23,Cancelled,Cash
740,2025-12-11,69,6,6,Returned,Wallet
741,2025-01-26,262,4,17,Cancelled,Wallet
742,2024-05-07,159,4,24,Completed,UPI
743,2025-05-25,152,4,5,Completed,UPI
744,2024-12-02,69,5,11,Returned,Credit Card
745,2025-11-11,128,4,20,Completed,Cash
746,2025-10-11,73,4,5,Completed,UPI
747,2024-06-17,102,4,14,Completed,Cash
748,2025-05-07,41,6,13,Completed,UPI
749,2024-03-26,154,10,18,Completed,Cash
750,2025-01-19,288,10,16,Completed,Debit Card
751,2024-01-14,257,6,16,Completed,Net Banking
752,2025-08-02,84,4,25,Completed,Debit Card
753,2024-09-09,125,8,2,Completed,Wallet
754,2025-09-11,234,3,9,Completed,Cash
755,2025-12-24,42,9,30,Completed,Net Banking
756,2025-06-29,196,10,10,Returned,Net Banking
757,2024-12-18,74,5,24,Completed,Wallet
758,2024-10-22,221,3,6,Completed,UPI
759,2025-08-03,109,3,7,Completed,Wallet
760,2025-10-03,56,3,3,Completed,Credit Card
761,2024-03-03,137,1,22,Cancelled,Credit Card
762,2024-01-08,193,10,17,Completed,Net Banking
763,2025-09-17,30,6,28,Completed,Credit Card
764,2024-05-22,14,10,4,Cancelled,Debit Card
765,2025-02-27,97,1,21,Completed,Credit Card
766,2025-02-13,42,6,14,Completed,Wallet
767,2025-09-13,100,3,28,Cancelled,Cash
768,2024-03-30,155,9,28,Completed,UPI
769,2024-01-30,83,6,29,Completed,Debit Card
770,2024-05-19,274,8,3,Returned,Debit Card
771,2025-01-25,288,7,26,Completed,UPI
772,2024-04-28,294,6,5,Completed,Net Banking
773,2025-07-02,98,7,14,Completed,Debit Card
774,2025-02-08,5,9,28,Completed,Debit Card
775,2025-09-07,146,3,24,Returned,Wallet
776,2025-05-29,64,5,28,Returned,Cash
777,2024-08-18,27,3,28,Completed,Wallet
778,2025-02-04,201,2,17,Returned,Debit Card
779,2025-08-17,28,5,15,Returned,UPI
780,2024-08-11,101,1,12,Returned,Cash
781,2025-03-13,87,1,4,Completed,Net Banking
782,2025-03-20,77,7,8,Completed,Credit Card
783,2025-10-30,193,2,25,Completed,Wallet
784,2025-11-15,261,4,1,Cancelled,Cash
785,2024-04-11,167,2,23,Cancelled,UPI
786,2025-08-21,276,2,25,Completed,Wallet
787,2024-07-03,3,9,15,Completed,Credit Card
788,2025-10-30,83,2,18,Completed,Credit Card
789,2025-01-07,279,3,14,Returned,Credit Card
790,2025-06-30,228,3,19,Completed,Wallet
791,2024-02-15,122,1,7,Completed,Debit Card
792,2024-10-11,66,10,14,Completed,Cash
793,2025-03-11,74,9,7,Completed,Wallet
794,2024-06-16,215,3,11,Completed,Net Banking
795,2024-10-03,64,9,4,Returned,Cash
796,2025-01-21,114,7,4,Completed,UPI
797,2024-10-15,283,5,20,Completed,Credit Card
798,2025-11-25,273,9,20,Completed,Net Banking
799,2024-05-09,74,7,19,Returned,Debit Card
800,2024-09-12,215,8,6,Completed,Debit Card
801,2024-11-16,47,2,3,Returned,UPI
802,2024-03-27,147,9,30,Completed,Credit Card
803,2024-01-15,98,1,23,Completed,Wallet
804,2024-06-21,269,4,6,Completed,Debit Card
805,2024-06-23,192,2,11,Returned,UPI
806,2024-10-27,136,4,1,Returned,Wallet
807,2024-12-30,4,10,15,Completed,Debit Card
808,2025-05-18,102,2,17,Cancelled,UPI
809,2025-01-08,220,3,18,Completed,Credit Card
810,2024-07-13,146,1,5,Completed,Net Banking
811,2025-07-17,254,3,11,Completed,Cash
812,2025-11-25,176,7,20,Returned,Credit Card
813,2024-04-27,135,4,22,Completed,UPI
814,2024-05-03,68,7,2,Completed,UPI
815,2024-02-22,195,7,17,Completed,Wallet
816,2025-03-13,27,5,4,Completed,Debit Card
817,2024-02-23,165,4,10,Completed,Debit Card
818,2025-05-18,187,6,10,Completed,Credit Card
819,2024-05-13,170,6,24,Completed,Wallet
820,2025-10-06,62,1,19,Returned,UPI
821,2024-12-17,155,8,25,Completed,Cash
822,2024-09-15,287,6,29,Completed,Net Banking
823,2025-05-09,215,9,30,Cancelled,Credit Card
824,2024-03-03,98,7,16,Returned,Cash
825,2025-06-05,197,9,25,Completed,Net Banking
826,2025-06-09,234,9,23,Returned,Cash
827,2024-08-17,24,9,8,Completed,Credit Card
828,2024-09-11,108,9,4,Completed,Wallet
829,2025-09-18,151,6,2,Returned,Credit Card
830,2025-12-05,196,5,28,Returned,Wallet
831,2025-08-18,203,3,15,Completed,Wallet
832,2025-08-06,252,3,21,Completed,Credit Card
833,2024-03-14,219,4,15,Returned,Net Banking
834,2024-01-13,52,7,13,Completed,Credit Card
835,2024-09-11,43,5,5,Returned,Cash
836,2024-04-18,278,6,28,Returned,Credit Card
837,2024-12-05,246,3,8,Completed,Cash
838,2024-04-15,262,7,5,Completed,UPI
839,2024-05-30,181,5,8,Returned,Net Banking
840,2024-08-17,53,5,12,Completed,Cash
841,2025-06-27,172,10,6,Returned,Net Banking
842,2024-04-16,139,8,22,Completed,Debit Card
843,2024-06-01,76,6,5,Completed,Net Banking
844,2025-01-29,181,6,16,Completed,Net Banking
845,2025-06-30,253,9,18,Completed,Net Banking
846,2025-08-14,113,2,8,Completed,Credit Card
847,2024-04-22,31,6,12,Completed,Debit Card
848,2025-12-13,74,7,24,Completed,Wallet
849,2024-05-30,188,3,3,Completed,Credit Card
850,2024-07-05,241,3,24,Cancelled,Wallet
851,2024-03-02,17,10,25,Completed,Cash
852,2025-12-29,133,10,17,Completed,Wallet
853,2025-01-21,65,4,13,Cancelled,Credit Card
854,2025-12-10,240,8,11,Returned,Wallet
855,2025-01-06,172,1,8,Completed,UPI
856,2024-01-12,159,4,18,Completed,Wallet
857,2025-08-06,290,1,19,Completed,Credit Card
858,2024-01-09,183,5,13,Cancelled,UPI
859,2025-05-30,52,9,26,Completed,Credit Card
860,2024-08-25,111,3,25,Returned,UPI
861,2025-12-30,199,4,7,Cancelled,Cash
862,2025-05-24,50,1,5,Completed,Cash
863,2024-11-17,87,5,6,Completed,Debit Card
864,2025-03-28,72,2,19,Completed,Credit Card
865,2025-01-10,263,10,11,Completed,Credit Card
866,2024-06-07,54,5,13,Completed,Cash
867,2025-04-21,56,2,6,Returned,Credit Card
868,2025-05-02,59,5,15,Completed,Cash
869,2025-09-07,195,1,30,Completed,Net Banking
870,2024-10-07,208,2,10,Returned,Net Banking
871,2024-07-22,179,7,16,Completed,Cash
872,2024-01-11,288,10,7,Completed,Wallet
873,2024-05-31,256,6,4,Returned,Net Banking
874,2025-08-15,50,1,7,Returned,UPI
875,2025-01-14,187,1,10,Completed,Cash
876,2025-04-11,212,7,12,Completed,Cash
877,2025-07-09,224,7,10,Returned,Wallet
878,2025-05-23,279,2,21,Completed,Cash
879,2025-03-06,109,4,25,Completed,Cash
880,2024-08-17,260,5,9,Returned,Debit Card
881,2024-01-16,14,3,26,Completed,Cash
882,2025-10-21,202,1,26,Cancelled,Net Banking
883,2024-06-11,224,4,4,Returned,UPI
884,2025-02-05,134,9,6,Completed,UPI
885,2024-01-12,79,1,20,Returned,Cash
886,2024-05-13,233,6,6,Completed,Wallet
887,2025-01-22,134,1,9,Completed,UPI
888,2024-04-15,57,8,30,Cancelled,Credit Card
889,2024-07-03,48,2,16,Completed,UPI
890,2024-11-17,231,3,6,Completed,Credit Card
891,2024-12-17,178,8,20,Cancelled,Cash
892,2024-09-17,63,4,20,Completed,Cash
893,2024-06-05,111,6,4,Completed,Credit Card
894,2024-12-22,283,5,15,Returned,Net Banking
895,2025-08-24,160,3,26,Completed,Wallet
896,2024-07-23,291,6,12,Returned,Credit Card
897,2025-02-11,16,2,6,Completed,Net Banking
898,2024-05-28,161,2,1,Completed,Wallet
899,2025-04-21,291,6,29,Completed,Cash
900,2024-08-05,270,4,4,Cancelled,Debit Card
901,2025-03-21,163,6,7,Completed,Credit Card
902,2024-08-30,296,1,10,Completed,Wallet
903,2024-05-14,207,1,29,Cancelled,Cash
904,2025-04-26,49,7,24,Completed,Debit Card
905,2025-02-06,153,8,16,Returned,Credit Card
906,2025-12-05,224,4,6,Completed,UPI
907,2024-02-19,156,2,9,Completed,Wallet
908,2025-08-21,212,8,22,Completed,Cash
909,2025-05-09,116,2,9,Completed,Wallet
910,2024-09-05,106,2,3,Completed,Credit Card
911,2025-05-14,54,6,7,Cancelled,Cash
912,2024-05-13,113,6,13,Completed,Cash
913,2024-06-17,158,10,21,Completed,UPI
914,2025-06-27,232,6,9,Completed,Cash
915,2024-06-03,204,9,14,Cancelled,Debit Card
916,2024-04-10,26,7,24,Completed,UPI
917,2025-03-19,56,1,21,Completed,Credit Card
918,2024-03-08,273,2,9,Completed,Cash
919,2025-09-02,148,1,4,Completed,Cash
920,2025-04-11,73,1,22,Completed,Net Banking
921,2025-08-20,1,8,28,Completed,Net Banking
922,2025-11-27,149,4,17,Cancelled,UPI
923,2025-05-17,180,9,9,Returned,Net Banking
924,2024-04-25,139,9,24,Returned,Credit Card
925,2025-05-24,16,4,19,Returned,Wallet
926,2024-09-28,179,6,13,Cancelled,Net Banking
927,2025-03-19,233,10,26,Completed,Debit Card
928,2024-05-30,239,3,17,Completed,Cash
929,2025-04-09,21,4,10,Cancelled,Credit Card
930,2025-03-16,181,1,2,Completed,UPI
931,2024-10-04,74,4,14,Cancelled,Credit Card
932,2024-09-24,155,10,10,Completed,Cash
933,2024-11-04,157,2,10,Cancelled,Wallet
934,2025-12-02,184,8,12,Completed,Net Banking
935,2024-09-05,298,9,12,Completed,Cash
936,2025-06-14,236,1,3,Completed,Debit Card
937,2024-10-24,290,8,23,Completed,Credit Card
938,2025-06-07,28,4,17,Completed,Cash
939,2025-12-05,103,2,3,Completed,UPI
940,2024-07-28,54,8,1,Cancelled,Net Banking
941,2025-09-19,225,10,4,Completed,UPI
942,2025-11-04,124,3,17,Returned,Wallet
943,2025-05-19,189,5,13,Completed,Wallet
944,2025-03-11,76,1,10,Completed,Credit Card
945,2024-01-10,82,6,17,Cancelled,UPI
946,2025-11-02,289,6,15,Returned,UPI
947,2025-04-28,93,10,23,Cancelled,Wallet
948,2025-02-17,35,1,1,Returned,UPI
949,2024-08-25,122,2,29,Completed,Wallet
950,2025-01-18,16,3,11,Completed,Wallet
951,2024-07-25,83,7,27,Cancelled,UPI
952,2025-11-15,50,4,2,Completed,Credit Card
953,2025-10-19,271,8,7,Completed,Cash
954,2025-01-20,37,10,3,Completed,Cash
955,2024-08-17,149,5,13,Returned,Debit Card
956,2024-03-17,274,10,8,Cancelled,Cash
957,2025-10-30,16,1,11,Completed,Debit Card
958,2024-12-03,32,4,16,Completed,Cash
959,2025-09-04,42,9,16,Completed,Debit Card
960,2025-06-03,116,6,14,Completed,Debit Card
961,2025-09-14,195,1,18,Completed,Credit Card
962,2025-09-22,189,6,7,Completed,Net Banking
963,2025-08-25,6,4,14,Returned,Cash
964,2024-09-12,30,2,2,Completed,Net Banking
965,2024-09-07,150,3,20,Completed,Net Banking
966,2024-09-13,279,4,16,Returned,Wallet
967,2025-10-31,126,9,29,Completed,Debit Card
968,2025-12-23,249,5,3,Completed,UPI
969,2024-05-25,19,4,23,Completed,Wallet
970,2024-10-12,197,8,1,Completed,Net Banking
971,2025-07-08,179,1,30,Cancelled,Debit Card
972,2025-03-13,30,2,18,Completed,Wallet
973,2024-06-15,196,8,24,Completed,UPI
974,2024-09-12,278,5,11,Cancelled,Net Banking
975,2024-10-02,129,10,1,Completed,Debit Card
976,2025-04-22,19,6,16,Returned,Cash
977,2025-07-18,161,2,15,Completed,Debit Card
978,2024-02-20,120,2,21,Completed,UPI
979,2024-02-15,121,6,4,Completed,Cash
980,2024-05-26,13,6,20,Completed,Debit Card
981,2025-08-28,14,2,20,Completed,Debit Card
982,2024-08-17,290,9,19,Returned,Cash
983,2025-03-27,163,5,7,Cancelled,Debit Card
984,2024-04-28,124,8,24,Completed,Debit Card
985,2024-03-19,186,8,20,Completed,Net Banking
986,2024-09-23,147,6,11,Completed,Credit Card
987,2025-03-04,135,9,23,Completed,Wallet
988,2025-03-17,13,3,3,Completed,Cash
989,2024-12-10,56,1,3,Returned,Debit Card
990,2025-08-26,261,2,5,Completed,Cash
991,2025-08-25,144,2,8,Completed,Net Banking
992,2024-11-26,197,6,25,Completed,UPI
993,2025-06-15,143,10,29,Cancelled,Debit Card
994,2024-05-01,148,5,16,Completed,UPI
995,2025-11-13,143,3,4,Completed,Cash
996,2024-07-18,4,8,27,Completed,Debit Card
997,2024-05-09,233,5,30,Completed,Wallet
998,2024-09-26,45,3,9,Returned,Wallet
999,2024-08-15,39,6,6,Cancelled,Debit Card
1000,2025-03-19,52,9,11,Completed,Cash
