order_detail_id,order_id,product_id,quantity,unit_price,discount_pct
1,1,26,1,560.31,0
2,1,36,3,322.79,0
3,1,54,4,174.44,0.2
4,2,33,2,1265.54,0.15
5,2,31,1,1484.37,0
6,3,15,2,1272.46,0
7,3,52,1,1025.11,0
8,3,13,4,1436.16,0.1
9,4,46,4,171.6,0.05
10,4,45,4,143.64,0
11,5,52,5,1025.11,0.05
12,5,45,1,143.64,0.1
13,6,49,5,1494.21,0.2
14,6,58,5,1369.64,0.05
15,6,29,5,263.34,0.05
16,7,50,2,1456.85,0
17,7,34,4,349.74,0
18,7,32,3,838.97,0
19,8,10,4,1215.67,0.15
20,8,15,2,1272.46,0.15
21,9,27,4,406.33,0.05
22,9,4,5,1339.13,0.15
23,9,14,1,146.38,0.2
24,9,54,5,174.44,0.05
25,10,32,3,838.97,0.05
26,10,15,4,1272.46,0
27,11,40,1,403.2,0.05
28,11,35,5,478.66,0.1
29,12,12,3,515.65,0
30,12,4,4,1339.13,0
31,12,17,3,808.05,0.2
32,12,25,4,956.44,0
33,13,23,2,127.05,0.15
34,14,16,4,1212.24,0.15
35,14,9,1,336.9,0.1
36,15,50,2,1456.85,0
37,16,26,5,560.31,0.15
38,16,46,2,171.6,0
39,16,13,3,1436.16,0.2
40,16,5,5,637.51,0.2
41,17,5,3,637.51,0
42,17,33,4,1265.54,0.2
43,17,42,4,880.2,0
44,18,47,3,1189.78,0.1
45,18,34,5,349.74,0.2
46,19,21,1,1059.22,0
47,19,55,4,684.96,0
48,19,16,4,1212.24,0.1
49,20,32,3,838.97,0.2
50,20,14,3,146.38,0
51,21,16,4,1212.24,0.05
52,22,51,2,25.13,0.05
53,22,2,2,418.34,0
54,22,6,5,334.21,0
55,22,19,4,1245.47,0.1
56,23,45,3,143.64,0
57,23,30,2,251.8,0
58,23,18,2,572.77,0
59,24,18,5,572.77,0.1
60,24,47,3,1189.78,0
61,24,38,2,985.91,0
62,24,49,2,1494.21,0
63,25,3,3,1106.82,0.15
64,25,4,2,1339.13,0.15
65,25,36,4,322.79,0
66,26,12,4,515.65,0
67,26,4,1,1339.13,0.05
68,26,17,4,808.05,0
69,27,16,1,1212.24,0.1
70,28,56,3,1314.77,0.1
71,28,38,5,985.91,0
72,28,28,5,974.87,0.15
73,29,16,5,1212.24,0
74,29,12,2,515.65,0
75,30,19,3,1245.47,0.15
76,30,46,4,171.6,0
77,31,28,5,974.87,0
78,31,8,2,977.63,0
79,32,29,3,263.34,0.15
80,32,8,4,977.63,0
81,32,30,5,251.8,0.1
82,33,39,1,1372.51,0
83,33,17,5,808.05,0.1
84,33,2,1,418.34,0.2
85,34,59,4,453.28,0.15
86,34,18,4,572.77,0
87,34,12,4,515.65,0
88,34,38,4,985.91,0
89,35,19,5,1245.47,0
90,35,43,4,603.91,0
91,35,26,3,560.31,0
92,35,53,3,406.1,0
93,36,4,5,1339.13,0.2
94,36,13,4,1436.16,0.15
95,36,34,4,349.74,0.2
96,36,24,1,158.69,0
97,37,8,2,977.63,0.15
98,37,2,2,418.34,0
99,37,41,5,845.56,0
100,37,39,5,1372.51,0.05
101,38,32,3,838.97,0.1
102,38,60,3,916.58,0.05
103,39,13,2,1436.16,0.2
104,39,59,1,453.28,0
105,39,39,4,1372.51,0
106,39,33,5,1265.54,0
107,40,56,4,1314.77,0
108,40,10,3,1215.67,0.1
109,40,29,5,263.34,0.05
110,40,35,4,478.66,0
111,41,21,4,1059.22,0.15
112,42,56,4,1314.77,0
113,42,7,5,47.59,0.05
114,42,55,1,684.96,0.15
115,43,40,1,403.2,0.2
116,43,45,3,143.64,0.2
117,43,26,5,560.31,0.05
118,44,41,3,845.56,0
119,44,44,1,1496.33,0.05
120,45,3,3,1106.82,0.2
121,46,34,5,349.74,0.15
122,46,27,2,406.33,0
123,47,32,5,838.97,0
124,47,59,2,453.28,0.05
125,48,58,2,1369.64,0
126,48,19,4,1245.47,0
127,48,44,5,1496.33,0
128,48,35,4,478.66,0.15
129,49,16,4,1212.24,0.1
130,50,18,1,572.77,0.1
131,50,1,4,962.02,0.2
132,50,37,3,1315.54,0.2
133,50,56,2,1314.77,0.1
134,51,41,1,845.56,0
135,51,7,4,47.59,0
136,52,12,5,515.65,0
137,52,13,5,1436.16,0.1
138,52,9,3,336.9,0.2
139,52,51,2,25.13,0
140,53,10,2,1215.67,0.2
141,54,17,5,808.05,0
142,55,7,4,47.59,0
143,55,44,5,1496.33,0.1
144,55,15,3,1272.46,0.1
145,56,8,4,977.63,0
146,56,9,1,336.9,0
147,56,3,5,1106.82,0
148,56,20,4,1293.67,0.05
149,57,57,1,754.87,0.2
150,57,27,4,406.33,0.1
151,58,29,1,263.34,0.15
152,58,16,3,1212.24,0.1
153,58,55,3,684.96,0
154,58,24,4,158.69,0
155,59,4,3,1339.13,0
156,60,53,2,406.1,0
157,60,56,2,1314.77,0.2
158,61,52,1,1025.11,0
159,61,12,1,515.65,0
160,61,8,2,977.63,0.1
161,62,34,4,349.74,0.05
162,62,8,3,977.63,0.1
163,62,48,5,102.78,0
164,62,5,4,637.51,0.1
165,63,4,4,1339.13,0.2
166,64,58,1,1369.64,0
167,65,25,3,956.44,0.05
168,65,39,5,1372.51,0.1
169,65,34,4,349.74,0
170,66,57,4,754.87,0.05
171,66,15,4,1272.46,0.15
172,66,27,1,406.33,0
173,66,22,4,348.02,0
174,67,6,1,334.21,0
175,68,38,5,985.91,0.1
176,69,19,5,1245.47,0
177,70,15,5,1272.46,0
178,70,55,1,684.96,0.2
179,70,7,3,47.59,0.1
180,70,23,2,127.05,0.2
181,71,39,3,1372.51,0
182,72,12,2,515.65,0.1
183,73,6,5,334.21,0
184,74,47,5,1189.78,0.1
185,74,21,1,1059.22,0
186,74,50,2,1456.85,0
187,75,32,3,838.97,0
188,75,39,5,1372.51,0
189,75,29,3,263.34,0.05
190,75,27,1,406.33,0
191,76,26,1,560.31,0
192,76,39,2,1372.51,0
193,77,32,4,838.97,0
194,78,5,1,637.51,0.05
195,78,26,1,560.31,0.05
196,78,56,1,1314.77,0.2
197,79,19,3,1245.47,0
198,79,8,5,977.63,0.05
199,79,26,3,560.31,0
200,79,2,4,418.34,0.2
201,80,26,3,560.31,0.15
202,81,34,5,349.74,0
203,82,13,2,1436.16,0.2
204,82,12,1,515.65,0
205,82,39,4,1372.51,0.05
206,83,56,2,1314.77,0.05
207,83,41,1,845.56,0.05
208,83,21,4,1059.22,0.15
209,84,20,4,1293.67,0.05
210,85,40,5,403.2,0.1
211,86,59,2,453.28,0
212,86,52,5,1025.11,0.05
213,86,37,5,1315.54,0
214,86,42,1,880.2,0.05
215,87,16,4,1212.24,0.05
216,88,25,3,956.44,0.15
217,88,27,5,406.33,0
218,88,50,3,1456.85,0
219,89,47,5,1189.78,0.2
220,89,55,2,684.96,0
221,89,43,1,603.91,0.1
222,90,9,3,336.9,0.1
223,90,39,4,1372.51,0.15
224,90,46,3,171.6,0.2
225,90,6,2,334.21,0.15
226,91,2,2,418.34,0
227,91,24,3,158.69,0.2
228,91,20,4,1293.67,0
229,92,43,3,603.91,0.2
230,93,54,5,174.44,0.2
231,93,45,2,143.64,0.15
232,94,29,3,263.34,0.2
233,94,40,4,403.2,0
234,95,44,4,1496.33,0.2
235,95,37,3,1315.54,0.2
236,95,29,4,263.34,0.1
237,96,56,1,1314.77,0.15
238,96,17,4,808.05,0.2
239,97,6,3,334.21,0.05
240,97,49,5,1494.21,0
241,97,11,4,1210.28,0
242,98,26,5,560.31,0
243,99,60,3,916.58,0.2
244,99,7,2,47.59,0
245,99,54,1,174.44,0
246,100,2,3,418.34,0
247,101,16,1,1212.24,0
248,101,20,4,1293.67,0.15
249,101,8,5,977.63,0.05
250,102,46,3,171.6,0.05
251,102,10,1,1215.67,0.1
252,103,34,3,349.74,0
253,104,25,4,956.44,0
254,105,51,2,25.13,0.15
255,105,5,1,637.51,0.2
256,105,23,5,127.05,0.15
257,106,54,4,174.44,0.15
258,106,50,4,1456.85,0.15
259,107,13,2,1436.16,0
260,107,3,3,1106.82,0
261,107,51,5,25.13,0.05
262,108,23,1,127.05,0.2
263,108,56,3,1314.77,0
264,108,50,1,1456.85,0.2
265,109,12,4,515.65,0
266,109,32,5,838.97,0
267,109,45,1,143.64,0.15
268,110,21,3,1059.22,0.15
269,110,7,3,47.59,0
270,110,6,4,334.21,0.1
271,111,40,1,403.2,0
272,111,28,4,974.87,0
273,111,18,5,572.77,0.2
274,112,3,3,1106.82,0
275,112,9,4,336.9,0.1
276,112,5,1,637.51,0.1
277,112,16,2,1212.24,0.15
278,113,34,4,349.74,0
279,113,24,3,158.69,0
280,114,17,3,808.05,0.15
281,115,8,1,977.63,0.05
282,115,9,2,336.9,0.15
283,116,36,5,322.79,0
284,117,8,2,977.63,0
285,117,13,4,1436.16,0
286,118,40,1,403.2,0
287,118,57,3,754.87,0.05
288,119,9,3,336.9,0.15
289,120,57,5,754.87,0.15
290,120,54,5,174.44,0
291,121,20,2,1293.67,0
292,121,11,2,1210.28,0
293,122,9,5,336.9,0.1
294,122,41,1,845.56,0.1
295,122,20,2,1293.67,0.1
296,123,54,1,174.44,0.2
297,123,60,1,916.58,0
298,123,37,1,1315.54,0.15
299,124,32,5,838.97,0
300,125,30,1,251.8,0
301,125,5,4,637.51,0.05
302,125,45,4,143.64,0.05
303,126,47,4,1189.78,0
304,126,56,3,1314.77,0.1
305,126,23,5,127.05,0
306,127,10,1,1215.67,0
307,127,7,4,47.59,0.2
308,128,13,4,1436.16,0.1
309,128,49,4,1494.21,0.05
310,128,11,3,1210.28,0.05
311,129,38,1,985.91,0
312,129,23,3,127.05,0.05
313,130,9,3,336.9,0.2
314,130,57,4,754.87,0
315,130,17,1,808.05,0.05
316,130,47,1,1189.78,0.1
317,131,33,3,1265.54,0.2
318,131,29,5,263.34,0.15
319,131,49,5,1494.21,0
320,131,36,2,322.79,0
321,132,39,4,1372.51,0.1
322,132,33,1,1265.54,0
323,133,10,2,1215.67,0
324,133,39,5,1372.51,0
325,133,58,2,1369.64,0.05
326,133,33,5,1265.54,0.15
327,134,46,1,171.6,0
328,134,37,3,1315.54,0.15
329,134,20,1,1293.67,0.05
330,134,31,5,1484.37,0
331,135,47,5,1189.78,0.05
332,135,4,2,1339.13,0.1
333,136,37,1,1315.54,0
334,137,27,5,406.33,0.05
335,137,33,1,1265.54,0.15
336,138,34,4,349.74,0.1
337,138,25,3,956.44,0.1
338,138,21,3,1059.22,0.15
339,138,12,3,515.65,0.1
340,139,20,3,1293.67,0.15
341,139,50,2,1456.85,0.15
342,140,19,5,1245.47,0.05
343,140,8,4,977.63,0.2
344,140,37,3,1315.54,0.2
345,141,60,3,916.58,0.15
346,141,29,4,263.34,0
347,141,42,2,880.2,0.2
348,142,40,5,403.2,0
349,143,7,4,47.59,0
350,144,42,4,880.2,0.15
351,144,60,2,916.58,0.2
352,144,57,3,754.87,0
353,144,31,3,1484.37,0.15
354,145,59,2,453.28,0.05
355,146,57,3,754.87,0.1
356,146,3,5,1106.82,0
357,146,1,3,962.02,0
358,147,18,3,572.77,0
359,147,13,4,1436.16,0.15
360,147,52,3,1025.11,0.15
361,147,8,2,977.63,0
362,148,53,1,406.1,0.05
363,148,28,1,974.87,0
364,148,33,2,1265.54,0.05
365,148,21,3,1059.22,0
366,149,20,5,1293.67,0
367,149,38,3,985.91,0.15
368,149,47,3,1189.78,0.15
369,150,44,3,1496.33,0.15
370,150,33,1,1265.54,0.15
371,150,60,3,916.58,0
372,150,58,5,1369.64,0
373,151,27,4,406.33,0.2
374,151,45,5,143.64,0.2
375,151,36,2,322.79,0.2
376,152,5,1,637.51,0
377,152,59,5,453.28,0.1
378,152,37,2,1315.54,0.1
379,153,44,2,1496.33,0.15
380,154,30,2,251.8,0.1
381,155,47,3,1189.78,0.2
382,155,2,1,418.34,0.15
383,155,26,2,560.31,0.1
384,156,60,1,916.58,0.05
385,157,24,4,158.69,0.05
386,157,58,1,1369.64,0.15
387,157,25,5,956.44,0
388,157,29,3,263.34,0
389,158,54,1,174.44,0
390,158,1,4,962.02,0.15
391,159,23,1,127.05,0
392,159,10,4,1215.67,0.1
393,159,18,1,572.77,0
394,159,13,2,1436.16,0
395,160,16,1,1212.24,0.05
396,161,15,5,1272.46,0
397,161,53,5,406.1,0.1
398,161,59,3,453.28,0
399,162,4,2,1339.13,0.15
400,162,36,4,322.79,0.1
401,162,38,4,985.91,0
402,163,10,5,1215.67,0.05
403,163,20,2,1293.67,0.2
404,163,25,2,956.44,0
405,163,12,2,515.65,0.2
406,164,25,3,956.44,0
407,164,16,3,1212.24,0.15
408,165,4,4,1339.13,0.15
409,165,18,5,572.77,0.1
410,166,31,3,1484.37,0
411,166,14,1,146.38,0
412,167,26,2,560.31,0.1
413,167,59,3,453.28,0.2
414,168,17,4,808.05,0.05
415,168,24,1,158.69,0.2
416,168,33,4,1265.54,0.2
417,169,48,1,102.78,0
418,169,10,5,1215.67,0.1
419,170,25,2,956.44,0.05
420,170,37,5,1315.54,0.15
421,171,30,3,251.8,0
422,171,11,2,1210.28,0.15
423,171,47,5,1189.78,0.05
424,171,51,2,25.13,0.1
425,172,49,1,1494.21,0.05
426,173,33,3,1265.54,0
427,173,30,5,251.8,0.15
428,174,1,3,962.02,0.1
429,174,2,3,418.34,0
430,174,34,5,349.74,0.2
431,174,47,4,1189.78,0.2
432,175,40,3,403.2,0.2
433,175,34,3,349.74,0
434,176,45,3,143.64,0.15
435,176,15,1,1272.46,0.15
436,177,4,2,1339.13,0
437,177,41,4,845.56,0.2
438,177,1,4,962.02,0.15
439,177,45,3,143.64,0.1
440,178,18,3,572.77,0.1
441,178,3,5,1106.82,0.15
442,178,60,1,916.58,0
443,178,5,3,637.51,0
444,179,37,5,1315.54,0.2
445,179,16,4,1212.24,0.15
446,180,33,3,1265.54,0
447,181,50,3,1456.85,0.2
448,181,21,4,1059.22,0.05
449,181,2,2,418.34,0
450,181,41,5,845.56,0.05
451,182,52,1,1025.11,0
452,182,16,3,1212.24,0
453,182,46,4,171.6,0.15
454,183,1,3,962.02,0.05
455,184,29,1,263.34,0
456,184,36,1,322.79,0
457,184,33,5,1265.54,0
458,184,27,5,406.33,0.1
459,185,47,5,1189.78,0
460,186,18,3,572.77,0.05
461,186,20,2,1293.67,0
462,187,24,3,158.69,0
463,188,9,3,336.9,0
464,189,28,5,974.87,0
465,189,53,3,406.1,0
466,189,56,5,1314.77,0.15
467,190,48,4,102.78,0.1
468,190,45,2,143.64,0
469,190,41,4,845.56,0
470,191,44,5,1496.33,0
471,191,50,4,1456.85,0.15
472,192,44,3,1496.33,0
473,192,32,3,838.97,0.15
474,192,9,2,336.9,0.15
475,192,41,4,845.56,0.2
476,193,35,4,478.66,0.1
477,193,33,1,1265.54,0.2
478,193,60,3,916.58,0.15
479,193,59,5,453.28,0.1
480,194,11,1,1210.28,0.1
481,194,42,4,880.2,0.2
482,194,40,3,403.2,0.2
483,195,29,4,263.34,0.05
484,195,24,5,158.69,0.15
485,196,27,1,406.33,0.2
486,196,59,2,453.28,0
487,196,6,3,334.21,0
488,197,29,4,263.34,0
489,198,55,3,684.96,0.15
490,199,22,4,348.02,0.05
491,199,36,2,322.79,0.2
492,200,2,2,418.34,0.05
493,200,48,5,102.78,0.05
494,200,40,4,403.2,0
495,200,57,2,754.87,0
496,201,21,1,1059.22,0
497,201,13,4,1436.16,0.1
498,201,30,3,251.8,0.1
499,202,40,3,403.2,0.1
500,202,12,5,515.65,0
501,202,53,2,406.1,0
502,202,44,1,1496.33,0
503,203,27,4,406.33,0.05
504,203,39,2,1372.51,0.05
505,203,9,5,336.9,0.15
506,203,37,2,1315.54,0.1
507,204,40,1,403.2,0.05
508,204,4,2,1339.13,0
509,204,56,4,1314.77,0.1
510,204,23,5,127.05,0.15
511,205,11,2,1210.28,0
512,205,6,1,334.21,0
513,205,37,2,1315.54,0.1
514,205,2,3,418.34,0
515,206,18,5,572.77,0.2
516,207,28,2,974.87,0
517,207,7,1,47.59,0.05
518,208,52,5,1025.11,0.15
519,208,48,3,102.78,0.2
520,209,52,5,1025.11,0
521,209,4,5,1339.13,0
522,210,37,5,1315.54,0.15
523,210,18,1,572.77,0
524,210,55,4,684.96,0
525,211,54,4,174.44,0.05
526,211,16,2,1212.24,0.1
527,211,49,3,1494.21,0.15
528,212,33,3,1265.54,0.05
529,212,48,4,102.78,0
530,212,18,5,572.77,0
531,212,45,1,143.64,0.15
532,213,28,2,974.87,0.05
533,213,53,3,406.1,0
534,214,51,1,25.13,0
535,214,22,1,348.02,0.15
536,214,58,4,1369.64,0
537,214,44,1,1496.33,0.2
538,215,57,3,754.87,0
539,215,42,3,880.2,0
540,216,4,3,1339.13,0.15
541,216,26,2,560.31,0.05
542,217,9,5,336.9,0
543,218,56,4,1314.77,0.15
544,219,7,3,47.59,0
545,220,5,5,637.51,0
546,220,34,5,349.74,0.15
547,221,59,5,453.28,0.15
548,221,27,4,406.33,0.2
549,222,23,2,127.05,0
550,222,28,3,974.87,0.15
551,222,21,1,1059.22,0
552,222,51,5,25.13,0.1
553,223,34,5,349.74,0
554,223,39,4,1372.51,0
555,224,32,5,838.97,0
556,224,41,5,845.56,0
557,225,35,4,478.66,0.2
558,225,44,1,1496.33,0
559,225,12,5,515.65,0
560,226,41,4,845.56,0.05
561,226,46,4,171.6,0
562,226,33,5,1265.54,0.1
563,227,52,5,1025.11,0
564,227,10,4,1215.67,0.1
565,228,4,1,1339.13,0.05
566,228,16,1,1212.24,0.05
567,229,8,2,977.63,0.15
568,229,1,1,962.02,0
569,230,24,3,158.69,0.15
570,230,9,1,336.9,0.2
571,231,46,1,171.6,0.05
572,231,37,4,1315.54,0.1
573,231,41,3,845.56,0
574,232,58,5,1369.64,0.15
575,233,3,3,1106.82,0.05
576,233,31,2,1484.37,0
577,234,59,1,453.28,0.1
578,234,47,3,1189.78,0
579,234,21,5,1059.22,0.15
580,234,18,1,572.77,0
581,235,50,3,1456.85,0
582,235,55,5,684.96,0.05
583,235,20,1,1293.67,0
584,236,30,5,251.8,0.05
585,236,24,2,158.69,0.15
586,237,35,1,478.66,0
587,237,23,1,127.05,0.2
588,238,27,1,406.33,0
589,238,32,3,838.97,0
590,239,48,5,102.78,0
591,239,6,4,334.21,0
592,239,38,5,985.91,0.1
593,239,7,1,47.59,0.05
594,240,45,3,143.64,0.05
595,240,54,3,174.44,0
596,240,48,1,102.78,0
597,240,21,2,1059.22,0.2
598,241,21,3,1059.22,0.2
599,241,27,2,406.33,0.05
600,241,8,3,977.63,0.05
601,241,35,3,478.66,0.2
602,242,14,3,146.38,0
603,243,17,1,808.05,0.05
604,243,53,4,406.1,0.1
605,243,12,5,515.65,0
606,244,4,2,1339.13,0
607,245,38,5,985.91,0
608,246,6,3,334.21,0
609,246,58,1,1369.64,0.05
610,247,2,2,418.34,0
611,247,25,2,956.44,0
612,247,44,3,1496.33,0
613,247,28,4,974.87,0
614,248,4,2,1339.13,0.05
615,248,6,2,334.21,0.15
616,248,18,5,572.77,0
617,248,25,5,956.44,0.2
618,249,59,3,453.28,0.05
619,249,37,3,1315.54,0
620,249,33,1,1265.54,0
621,250,34,2,349.74,0
622,250,23,1,127.05,0
623,250,50,2,1456.85,0
624,250,38,5,985.91,0.2
625,251,12,5,515.65,0
626,251,16,3,1212.24,0.1
627,252,54,4,174.44,0.1
628,252,52,3,1025.11,0
629,253,2,4,418.34,0
630,253,34,3,349.74,0.1
631,254,2,2,418.34,0.1
632,255,24,4,158.69,0.1
633,256,51,3,25.13,0
634,256,41,5,845.56,0.15
635,256,32,5,838.97,0.2
636,256,42,3,880.2,0
637,257,9,1,336.9,0.15
638,257,12,5,515.65,0.05
639,257,47,5,1189.78,0
640,258,60,4,916.58,0
641,259,53,3,406.1,0.05
642,260,17,1,808.05,0
643,260,51,4,25.13,0.05
644,260,7,4,47.59,0
645,261,54,4,174.44,0.2
646,262,2,1,418.34,0
647,262,21,3,1059.22,0
648,262,17,4,808.05,0
649,263,46,2,171.6,0.1
650,263,2,4,418.34,0
651,263,28,1,974.87,0
652,263,42,3,880.2,0
653,264,43,2,603.91,0
654,264,19,1,1245.47,0.05
655,264,20,5,1293.67,0.1
656,265,19,5,1245.47,0.05
657,266,6,1,334.21,0
658,266,31,4,1484.37,0.05
659,266,55,4,684.96,0.15
660,267,24,3,158.69,0.05
661,267,12,4,515.65,0
662,267,29,2,263.34,0.2
663,267,3,3,1106.82,0.1
664,268,49,1,1494.21,0.2
665,268,38,4,985.91,0.2
666,268,15,5,1272.46,0.05
667,268,36,5,322.79,0.15
668,269,58,5,1369.64,0.1
669,269,55,5,684.96,0.2
670,269,46,5,171.6,0.15
671,269,3,5,1106.82,0
672,270,3,1,1106.82,0.15
673,270,28,4,974.87,0
674,271,6,4,334.21,0.1
675,272,59,5,453.28,0.1
676,272,56,5,1314.77,0.2
677,272,1,4,962.02,0
678,272,51,4,25.13,0
679,273,51,3,25.13,0.2
680,274,37,2,1315.54,0
681,274,39,4,1372.51,0
682,274,31,5,1484.37,0.1
683,274,3,4,1106.82,0
684,275,58,3,1369.64,0.2
685,275,24,3,158.69,0
686,275,2,3,418.34,0.2
687,276,50,4,1456.85,0.1
688,276,53,1,406.1,0
689,276,21,4,1059.22,0
690,276,18,4,572.77,0.15
691,277,5,5,637.51,0.05
692,277,20,2,1293.67,0.2
693,278,16,1,1212.24,0.05
694,279,41,1,845.56,0
695,279,60,3,916.58,0.05
696,279,8,5,977.63,0.05
697,279,44,2,1496.33,0.2
698,280,19,1,1245.47,0.05
699,281,44,3,1496.33,0.15
700,281,14,4,146.38,0.1
701,282,39,1,1372.51,0
702,282,52,3,1025.11,0.1
703,283,17,5,808.05,0.2
704,283,14,5,146.38,0.05
705,283,30,5,251.8,0
706,283,20,1,1293.67,0.1
707,284,20,4,1293.67,0
708,284,44,3,1496.33,0
709,284,7,3,47.59,0.2
710,285,58,5,1369.64,0.05
711,285,4,3,1339.13,0.15
712,286,25,5,956.44,0.2
713,286,48,2,102.78,0
714,286,3,2,1106.82,0.15
715,286,38,5,985.91,0.15
716,287,19,4,1245.47,0
717,287,7,3,47.59,0.15
718,288,15,3,1272.46,0.05
719,288,48,3,102.78,0
720,288,56,3,1314.77,0.1
721,289,31,2,1484.37,0.1
722,290,9,3,336.9,0.05
723,290,13,5,1436.16,0.05
724,291,41,1,845.56,0
725,291,12,4,515.65,0
726,291,21,2,1059.22,0.2
727,292,41,4,845.56,0
728,292,28,1,974.87,0.1
729,292,26,2,560.31,0.15
730,292,31,3,1484.37,0
731,293,15,3,1272.46,0
732,293,45,2,143.64,0
733,294,20,3,1293.67,0.05
734,295,58,2,1369.64,0
735,295,32,4,838.97,0
736,295,23,2,127.05,0
737,296,24,1,158.69,0.05
738,297,43,1,603.91,0.15
739,298,36,3,322.79,0.05
740,299,20,4,1293.67,0.15
741,300,27,1,406.33,0.1
742,300,54,5,174.44,0
743,301,50,5,1456.85,0
744,301,17,3,808.05,0.15
745,302,45,4,143.64,0
746,302,60,2,916.58,0
747,303,10,1,1215.67,0.15
748,303,6,1,334.21,0
749,303,50,2,1456.85,0.05
750,303,33,3,1265.54,0
751,304,24,3,158.69,0.05
752,304,52,1,1025.11,0
753,304,44,1,1496.33,0
754,305,57,3,754.87,0.2
755,305,47,3,1189.78,0
756,305,6,1,334.21,0.05
757,306,52,2,1025.11,0
758,306,27,2,406.33,0.15
759,306,42,1,880.2,0.2
760,306,57,2,754.87,0
761,307,50,2,1456.85,0.05
762,307,23,4,127.05,0
763,307,40,4,403.2,0.05
764,307,2,1,418.34,0
765,308,43,3,603.91,0.1
766,308,56,5,1314.77,0.15
767,309,23,4,127.05,0
768,309,43,5,603.91,0.1
769,309,44,1,1496.33,0
770,309,42,2,880.2,0.1
771,310,22,1,348.02,0.1
772,310,18,2,572.77,0.1
773,311,29,4,263.34,0.05
774,311,52,3,1025.11,0
775,311,37,4,1315.54,0.15
776,311,6,1,334.21,0
777,312,51,5,25.13,0.1
778,313,22,2,348.02,0.2
779,313,24,4,158.69,0
780,313,53,5,406.1,0.2
781,313,4,5,1339.13,0.1
782,314,1,3,962.02,0.2
783,314,22,3,348.02,0.1
784,315,53,4,406.1,0
785,315,46,3,171.6,0.1
786,316,53,3,406.1,0
787,316,51,4,25.13,0
788,316,13,5,1436.16,0
789,316,46,4,171.6,0.05
790,317,36,4,322.79,0.2
791,318,47,2,1189.78,0
792,318,53,4,406.1,0.15
793,319,18,3,572.77,0
794,319,26,4,560.31,0.2
795,320,54,3,174.44,0.15
796,320,45,5,143.64,0.15
797,320,36,2,322.79,0
798,321,33,3,1265.54,0.15
799,321,35,1,478.66,0.2
800,322,44,5,1496.33,0
801,322,48,4,102.78,0.2
802,322,58,1,1369.64,0.1
803,322,54,1,174.44,0
804,323,49,3,1494.21,0.15
805,323,51,3,25.13,0
806,323,11,1,1210.28,0.15
807,324,40,5,403.2,0.2
808,325,45,4,143.64,0.05
809,325,43,4,603.91,0.2
810,325,4,3,1339.13,0.1
811,326,59,3,453.28,0.2
812,326,41,5,845.56,0.1
813,327,12,2,515.65,0.15
814,328,9,3,336.9,0
815,328,11,3,1210.28,0.05
816,328,38,2,985.91,0
817,329,32,5,838.97,0
818,329,51,1,25.13,0.2
819,329,37,3,1315.54,0.1
820,330,35,2,478.66,0
821,330,26,3,560.31,0
822,330,6,3,334.21,0
823,330,23,2,127.05,0.2
824,331,43,3,603.91,0.05
825,332,25,3,956.44,0.1
826,333,32,2,838.97,0
827,333,3,5,1106.82,0
828,333,19,1,1245.47,0
829,333,58,5,1369.64,0.1
830,334,54,4,174.44,0.15
831,334,7,1,47.59,0.15
832,334,14,2,146.38,0
833,334,35,4,478.66,0.15
834,335,36,2,322.79,0
835,335,5,4,637.51,0.05
836,335,37,4,1315.54,0.15
837,336,35,1,478.66,0.15
838,337,60,3,916.58,0.2
839,337,33,3,1265.54,0.1
840,337,7,1,47.59,0
841,338,11,4,1210.28,0.2
842,338,35,5,478.66,0
843,338,15,2,1272.46,0
844,338,9,3,336.9,0
845,339,35,2,478.66,0.15
846,339,36,3,322.79,0
847,339,6,4,334.21,0.15
848,339,20,5,1293.67,0
849,340,12,5,515.65,0.2
850,341,43,1,603.91,0
851,341,5,5,637.51,0.05
852,341,17,3,808.05,0
853,342,21,4,1059.22,0
854,342,32,5,838.97,0.15
855,343,28,3,974.87,0
856,343,11,2,1210.28,0.15
857,343,1,4,962.02,0
858,344,23,5,127.05,0
859,344,50,2,1456.85,0.15
860,344,20,5,1293.67,0
861,344,32,3,838.97,0.2
862,345,47,1,1189.78,0
863,346,59,5,453.28,0
864,346,3,5,1106.82,0.1
865,347,9,5,336.9,0
866,347,30,4,251.8,0
867,347,33,5,1265.54,0
868,348,29,2,263.34,0.1
869,348,11,5,1210.28,0.15
870,349,5,3,637.51,0
871,349,17,1,808.05,0.15
872,350,3,3,1106.82,0
873,351,25,4,956.44,0
874,351,42,5,880.2,0.15
875,352,23,4,127.05,0.1
876,352,53,1,406.1,0.1
877,352,56,2,1314.77,0.05
878,352,32,2,838.97,0
879,353,24,1,158.69,0.15
880,353,39,2,1372.51,0.05
881,354,38,4,985.91,0
882,354,11,2,1210.28,0
883,355,58,5,1369.64,0
884,356,39,3,1372.51,0
885,356,37,2,1315.54,0.05
886,356,41,5,845.56,0.05
887,356,2,4,418.34,0
888,357,11,3,1210.28,0.05
889,357,47,5,1189.78,0.1
890,357,44,1,1496.33,0
891,358,53,2,406.1,0.05
892,358,10,5,1215.67,0.1
893,358,39,1,1372.51,0.2
894,358,7,5,47.59,0.1
895,359,58,4,1369.64,0.1
896,360,52,4,1025.11,0
897,360,31,5,1484.37,0.2
898,361,50,1,1456.85,0
899,361,15,5,1272.46,0.1
900,361,59,4,453.28,0
901,361,55,2,684.96,0
902,362,25,2,956.44,0.15
903,363,17,4,808.05,0.1
904,363,55,3,684.96,0.1
905,363,35,3,478.66,0.15
906,364,24,5,158.69,0.05
907,364,36,3,322.79,0
908,365,48,2,102.78,0.05
909,366,52,1,1025.11,0
910,366,36,4,322.79,0.15
911,366,40,1,403.2,0.2
912,367,5,3,637.51,0
913,368,40,5,403.2,0
914,368,42,2,880.2,0.15
915,368,34,4,349.74,0.05
916,368,19,1,1245.47,0
917,369,40,1,403.2,0
918,369,11,2,1210.28,0.15
919,370,26,1,560.31,0.15
920,370,38,1,985.91,0
921,370,13,5,1436.16,0
922,370,34,5,349.74,0.1
923,371,60,3,916.58,0
924,371,26,4,560.31,0.1
925,371,37,1,1315.54,0.1
926,371,1,1,962.02,0.1
927,372,45,5,143.64,0.05
928,372,29,2,263.34,0.2
929,372,25,3,956.44,0.2
930,373,17,1,808.05,0.05
931,374,34,3,349.74,0
932,374,35,3,478.66,0
933,374,1,4,962.02,0.15
934,375,23,5,127.05,0
935,375,14,2,146.38,0.15
936,375,58,2,1369.64,0.05
937,376,13,2,1436.16,0.2
938,376,54,5,174.44,0
939,377,40,5,403.2,0
940,377,1,4,962.02,0
941,377,49,5,1494.21,0
942,377,55,4,684.96,0.1
943,378,15,1,1272.46,0.1
944,378,49,4,1494.21,0.05
945,378,37,5,1315.54,0
946,378,9,5,336.9,0
947,379,21,2,1059.22,0.05
948,379,45,5,143.64,0
949,379,1,3,962.02,0
950,379,44,5,1496.33,0.2
951,380,40,4,403.2,0.05
952,380,22,2,348.02,0.05
953,380,24,3,158.69,0
954,380,12,4,515.65,0
955,381,53,3,406.1,0.2
956,381,7,2,47.59,0.1
957,382,52,4,1025.11,0
958,382,1,5,962.02,0.1
959,382,12,3,515.65,0.2
960,382,27,4,406.33,0
961,383,4,3,1339.13,0.05
962,383,14,1,146.38,0.05
963,384,23,1,127.05,0
964,384,2,5,418.34,0
965,384,27,5,406.33,0.1
966,385,44,4,1496.33,0
967,385,33,4,1265.54,0.1
968,385,32,3,838.97,0.05
969,386,55,2,684.96,0
970,386,59,2,453.28,0
971,386,5,3,637.51,0.15
972,386,6,3,334.21,0.15
973,387,27,1,406.33,0
974,387,11,2,1210.28,0.15
975,387,12,3,515.65,0.15
976,387,55,1,684.96,0
977,388,2,4,418.34,0.1
978,389,20,3,1293.67,0.05
979,389,15,2,1272.46,0
980,389,16,5,1212.24,0.2
981,389,48,2,102.78,0
982,390,36,5,322.79,0
983,390,29,5,263.34,0.1
984,390,9,4,336.9,0.15
985,391,59,5,453.28,0
986,391,23,1,127.05,0.05
987,391,31,3,1484.37,0
988,392,23,4,127.05,0.1
989,392,19,1,1245.47,0.15
990,393,51,5,25.13,0
991,393,1,2,962.02,0.05
992,394,54,1,174.44,0.05
993,394,25,2,956.44,0.1
994,394,15,5,1272.46,0.2
995,394,17,3,808.05,0
996,395,9,1,336.9,0.15
997,395,19,4,1245.47,0.1
998,396,10,1,1215.67,0.1
999,397,47,2,1189.78,0
1000,397,1,4,962.02,0
1001,397,15,3,1272.46,0.05
1002,397,6,3,334.21,0.2
1003,398,54,2,174.44,0
1004,399,58,3,1369.64,0.2
1005,399,54,4,174.44,0.2
1006,400,13,4,1436.16,0.15
1007,401,60,1,916.58,0.15
1008,401,21,5,1059.22,0.1
1009,401,11,1,1210.28,0
1010,402,8,4,977.63,0
1011,402,16,1,1212.24,0
1012,403,38,4,985.91,0.15
1013,404,32,5,838.97,0
1014,404,6,1,334.21,0
1015,405,15,3,1272.46,0.2
1016,405,21,4,1059.22,0.15
1017,405,36,2,322.79,0
1018,405,51,4,25.13,0
1019,406,35,2,478.66,0.1
1020,406,45,2,143.64,0.1
1021,406,32,3,838.97,0
1022,407,34,2,349.74,0.05
1023,408,47,5,1189.78,0.2
1024,408,12,3,515.65,0.2
1025,408,57,5,754.87,0
1026,408,2,3,418.34,0.15
1027,409,50,3,1456.85,0
1028,409,36,4,322.79,0.15
1029,409,10,3,1215.67,0
1030,409,40,1,403.2,0.1
1031,410,13,1,1436.16,0.05
1032,411,34,3,349.74,0
1033,411,40,3,403.2,0
1034,411,45,5,143.64,0.15
1035,411,38,1,985.91,0
1036,412,36,4,322.79,0.2
1037,412,48,3,102.78,0.2
1038,412,57,1,754.87,0.2
1039,413,5,1,637.51,0
1040,413,14,2,146.38,0.1
1041,413,34,4,349.74,0
1042,414,48,5,102.78,0
1043,414,7,4,47.59,0.15
1044,414,50,4,1456.85,0
1045,414,41,2,845.56,0.2
1046,415,35,4,478.66,0
1047,415,39,3,1372.51,0.1
1048,416,39,5,1372.51,0
1049,416,16,4,1212.24,0.2
1050,416,37,5,1315.54,0.15
1051,417,19,5,1245.47,0
1052,418,55,1,684.96,0.2
1053,418,21,3,1059.22,0.1
1054,419,3,4,1106.82,0
1055,420,17,3,808.05,0
1056,420,52,5,1025.11,0.05
1057,421,32,5,838.97,0.2
1058,421,53,1,406.1,0.1
1059,422,50,1,1456.85,0.2
1060,423,41,4,845.56,0
1061,424,21,2,1059.22,0
1062,424,33,1,1265.54,0.15
1063,425,28,4,974.87,0
1064,425,19,2,1245.47,0
1065,426,17,4,808.05,0.2
1066,426,6,2,334.21,0.2
1067,426,26,2,560.31,0.05
1068,426,33,5,1265.54,0
1069,427,16,3,1212.24,0.2
1070,427,5,4,637.51,0
1071,428,24,3,158.69,0.1
1072,428,23,1,127.05,0.2
1073,428,13,3,1436.16,0
1074,428,21,3,1059.22,0.1
1075,429,10,1,1215.67,0
1076,429,49,1,1494.21,0
1077,429,47,5,1189.78,0
1078,430,31,5,1484.37,0
1079,430,2,2,418.34,0.1
1080,430,22,5,348.02,0.2
1081,430,14,3,146.38,0.1
1082,431,17,2,808.05,0
1083,432,5,4,637.51,0.15
1084,433,15,1,1272.46,0
1085,433,25,4,956.44,0.2
1086,433,33,5,1265.54,0.1
1087,433,46,1,171.6,0
1088,434,16,5,1212.24,0
1089,435,44,3,1496.33,0
1090,435,23,5,127.05,0
1091,435,41,1,845.56,0.15
1092,436,22,4,348.02,0.15
1093,436,58,2,1369.64,0
1094,437,27,5,406.33,0
1095,437,16,4,1212.24,0
1096,438,38,2,985.91,0.2
1097,438,35,2,478.66,0
1098,439,21,5,1059.22,0.1
1099,439,5,1,637.51,0
1100,440,20,3,1293.67,0
1101,440,29,2,263.34,0
1102,440,48,2,102.78,0
1103,440,60,1,916.58,0.2
1104,441,15,1,1272.46,0
1105,441,44,1,1496.33,0.15
1106,442,12,4,515.65,0.05
1107,442,55,2,684.96,0
1108,442,25,2,956.44,0
1109,443,48,2,102.78,0.2
1110,443,43,2,603.91,0
1111,444,57,1,754.87,0.1
1112,444,16,4,1212.24,0.15
1113,444,28,3,974.87,0.05
1114,444,26,5,560.31,0.15
1115,445,29,4,263.34,0.2
1116,446,36,4,322.79,0.1
1117,447,50,4,1456.85,0
1118,447,53,4,406.1,0
1119,447,19,5,1245.47,0
1120,448,47,5,1189.78,0
1121,449,29,4,263.34,0.1
1122,449,2,2,418.34,0.05
1123,449,12,1,515.65,0
1124,450,41,4,845.56,0.15
1125,450,24,5,158.69,0.1
1126,450,6,2,334.21,0.05
1127,450,34,5,349.74,0.05
1128,451,56,2,1314.77,0.2
1129,451,10,1,1215.67,0.05
1130,452,58,2,1369.64,0
1131,453,39,4,1372.51,0
1132,454,16,5,1212.24,0
1133,455,42,3,880.2,0
1134,456,59,1,453.28,0.05
1135,456,6,2,334.21,0
1136,456,4,3,1339.13,0.1
1137,457,60,3,916.58,0
1138,457,3,3,1106.82,0.05
1139,457,6,1,334.21,0.2
1140,458,45,3,143.64,0
1141,459,7,5,47.59,0.15
1142,460,28,3,974.87,0
1143,460,39,5,1372.51,0.1
1144,460,55,5,684.96,0
1145,461,32,5,838.97,0
1146,461,52,3,1025.11,0
1147,461,12,1,515.65,0
1148,461,57,1,754.87,0.05
1149,462,3,2,1106.82,0
1150,462,22,2,348.02,0.15
1151,462,23,3,127.05,0
1152,462,36,1,322.79,0
1153,463,22,5,348.02,0.1
1154,463,26,1,560.31,0.2
1155,463,47,2,1189.78,0
1156,464,31,4,1484.37,0.2
1157,464,10,5,1215.67,0
1158,465,36,2,322.79,0.1
1159,465,35,3,478.66,0.2
1160,465,2,3,418.34,0
1161,466,37,4,1315.54,0
1162,466,39,5,1372.51,0
1163,467,57,3,754.87,0
1164,467,16,5,1212.24,0
1165,467,24,2,158.69,0
1166,467,29,3,263.34,0.2
1167,468,58,3,1369.64,0.05
1168,468,33,5,1265.54,0
1169,468,10,3,1215.67,0
1170,468,13,1,1436.16,0.2
1171,469,46,1,171.6,0
1172,469,56,1,1314.77,0.15
1173,469,34,5,349.74,0.2
1174,469,8,1,977.63,0
1175,470,2,3,418.34,0.15
1176,470,37,2,1315.54,0
1177,470,49,2,1494.21,0
1178,471,18,2,572.77,0
1179,472,14,5,146.38,0
1180,473,11,3,1210.28,0.1
1181,473,5,3,637.51,0.1
1182,474,7,4,47.59,0
1183,475,40,2,403.2,0.15
1184,475,23,5,127.05,0
1185,475,20,4,1293.67,0.1
1186,475,22,2,348.02,0
1187,476,31,5,1484.37,0
1188,476,15,3,1272.46,0.05
1189,476,10,2,1215.67,0.15
1190,476,56,3,1314.77,0.2
1191,477,23,4,127.05,0.05
1192,478,26,1,560.31,0
1193,479,16,4,1212.24,0.05
1194,479,40,1,403.2,0
1195,479,36,2,322.79,0.2
1196,479,11,5,1210.28,0.05
1197,480,43,5,603.91,0.2
1198,480,5,4,637.51,0
1199,481,20,1,1293.67,0.1
1200,481,26,1,560.31,0.15
1201,482,6,2,334.21,0.2
1202,483,29,3,263.34,0.05
1203,483,35,5,478.66,0.1
1204,484,59,3,453.28,0
1205,484,60,5,916.58,0
1206,484,28,5,974.87,0.1
1207,485,1,5,962.02,0.2
1208,486,45,3,143.64,0.15
1209,486,38,4,985.91,0.05
1210,486,26,4,560.31,0.05
1211,486,41,5,845.56,0
1212,487,54,2,174.44,0
1213,487,60,2,916.58,0
1214,487,24,1,158.69,0
1215,487,27,1,406.33,0
1216,488,56,5,1314.77,0.05
1217,488,30,5,251.8,0
1218,488,58,4,1369.64,0.1
1219,488,51,4,25.13,0.1
1220,489,37,4,1315.54,0.2
1221,490,3,3,1106.82,0
1222,490,37,5,1315.54,0.05
1223,490,31,1,1484.37,0
1224,491,16,4,1212.24,0.15
1225,492,58,3,1369.64,0.1
1226,493,27,3,406.33,0
1227,493,23,2,127.05,0
1228,493,52,5,1025.11,0.15
1229,494,37,3,1315.54,0.2
1230,494,4,5,1339.13,0
1231,495,17,3,808.05,0
1232,495,9,3,336.9,0
1233,495,40,1,403.2,0.1
1234,496,32,5,838.97,0.2
1235,496,12,1,515.65,0
1236,497,50,4,1456.85,0.15
1237,497,25,2,956.44,0
1238,497,16,5,1212.24,0.15
1239,497,43,3,603.91,0
1240,498,31,5,1484.37,0
1241,498,20,4,1293.67,0.15
1242,498,48,4,102.78,0.05
1243,498,49,3,1494.21,0
1244,499,34,1,349.74,0.1
1245,499,44,3,1496.33,0.2
1246,499,3,4,1106.82,0.1
1247,500,42,4,880.2,0.2
1248,500,38,2,985.91,0.15
1249,500,26,5,560.31,0.2
1250,501,36,1,322.79,0.2
1251,501,1,1,962.02,0
1252,501,44,4,1496.33,0
1253,502,17,1,808.05,0.1
1254,502,13,1,1436.16,0
1255,502,3,5,1106.82,0.15
1256,503,43,5,603.91,0.2
1257,503,49,2,1494.21,0
1258,503,58,2,1369.64,0
1259,503,42,3,880.2,0.05
1260,504,17,1,808.05,0
1261,504,11,1,1210.28,0.05
1262,504,50,4,1456.85,0
1263,505,60,2,916.58,0.15
1264,505,13,4,1436.16,0
1265,505,40,2,403.2,0.1
1266,505,26,4,560.31,0
1267,506,5,1,637.51,0.1
1268,507,60,1,916.58,0.15
1269,508,33,4,1265.54,0.05
1270,509,45,1,143.64,0.1
1271,509,53,5,406.1,0
1272,509,50,3,1456.85,0.15
1273,509,31,3,1484.37,0.05
1274,510,49,2,1494.21,0
1275,510,50,5,1456.85,0
1276,510,19,4,1245.47,0.15
1277,510,42,2,880.2,0
1278,511,6,2,334.21,0
1279,511,57,1,754.87,0
1280,511,41,1,845.56,0.15
1281,511,29,5,263.34,0
1282,512,32,4,838.97,0
1283,512,35,1,478.66,0
1284,512,54,1,174.44,0
1285,513,44,5,1496.33,0
1286,513,56,1,1314.77,0
1287,513,35,2,478.66,0.05
1288,513,10,1,1215.67,0.05
1289,514,12,1,515.65,0
1290,515,8,4,977.63,0.1
1291,516,52,4,1025.11,0
1292,516,54,1,174.44,0.15
1293,516,48,5,102.78,0.1
1294,517,22,1,348.02,0
1295,517,5,2,637.51,0.2
1296,518,60,1,916.58,0
1297,518,38,1,985.91,0.2
1298,519,1,2,962.02,0
1299,520,14,3,146.38,0.1
1300,520,10,4,1215.67,0.05
1301,521,46,5,171.6,0
1302,521,32,3,838.97,0
1303,522,40,3,403.2,0.2
1304,523,18,2,572.77,0
1305,523,4,2,1339.13,0.15
1306,524,42,3,880.2,0
1307,525,7,1,47.59,0.1
1308,526,58,2,1369.64,0.15
1309,527,15,3,1272.46,0
1310,527,50,1,1456.85,0
1311,527,8,4,977.63,0.2
1312,528,4,2,1339.13,0.1
1313,528,57,4,754.87,0
1314,528,28,4,974.87,0
1315,528,10,2,1215.67,0.05
1316,529,45,5,143.64,0
1317,530,11,3,1210.28,0.1
1318,530,49,2,1494.21,0.2
1319,530,22,5,348.02,0
1320,530,15,5,1272.46,0.1
1321,531,38,4,985.91,0
1322,531,31,1,1484.37,0.15
1323,532,58,5,1369.64,0
1324,532,60,5,916.58,0
1325,533,28,5,974.87,0.05
1326,534,45,4,143.64,0
1327,535,31,3,1484.37,0
1328,536,30,4,251.8,0
1329,536,50,3,1456.85,0.15
1330,536,9,4,336.9,0.15
1331,536,56,1,1314.77,0.2
1332,537,19,4,1245.47,0.2
1333,538,40,3,403.2,0.15
1334,539,24,3,158.69,0
1335,539,30,2,251.8,0.15
1336,539,40,5,403.2,0.15
1337,539,3,1,1106.82,0.1
1338,540,42,4,880.2,0.15
1339,541,18,3,572.77,0.05
1340,541,4,4,1339.13,0.1
1341,541,5,5,637.51,0.2
1342,541,24,1,158.69,0.05
1343,542,52,1,1025.11,0
1344,542,44,4,1496.33,0
1345,542,45,1,143.64,0.05
1346,543,45,2,143.64,0.05
1347,544,44,4,1496.33,0
1348,544,35,4,478.66,0.05
1349,544,60,1,916.58,0
1350,544,9,2,336.9,0
1351,545,42,4,880.2,0.1
1352,545,51,5,25.13,0.2
1353,545,21,5,1059.22,0.05
1354,546,15,3,1272.46,0.2
1355,546,31,1,1484.37,0
1356,546,24,3,158.69,0
1357,547,12,2,515.65,0
1358,547,54,2,174.44,0
1359,547,46,1,171.6,0
1360,548,36,1,322.79,0.15
1361,548,46,3,171.6,0
1362,549,8,4,977.63,0.05
1363,549,59,2,453.28,0.05
1364,549,2,3,418.34,0
1365,550,31,5,1484.37,0.15
1366,550,58,2,1369.64,0.2
1367,550,19,5,1245.47,0.15
1368,551,44,1,1496.33,0
1369,551,36,1,322.79,0.05
1370,552,39,2,1372.51,0.1
1371,553,44,4,1496.33,0
1372,553,43,4,603.91,0
1373,553,6,5,334.21,0.1
1374,553,33,5,1265.54,0
1375,554,25,3,956.44,0
1376,554,24,3,158.69,0
1377,554,1,4,962.02,0.2
1378,555,52,4,1025.11,0.15
1379,555,29,4,263.34,0
1380,555,19,5,1245.47,0.1
1381,555,11,1,1210.28,0
1382,556,60,5,916.58,0.2
1383,557,12,5,515.65,0.2
1384,557,36,2,322.79,0
1385,557,30,2,251.8,0.2
1386,557,46,4,171.6,0
1387,558,32,4,838.97,0
1388,558,36,1,322.79,0.2
1389,558,48,1,102.78,0
1390,559,27,2,406.33,0
1391,559,12,1,515.65,0.2
1392,559,32,3,838.97,0.05
1393,560,41,1,845.56,0
1394,560,44,5,1496.33,0.15
1395,560,31,5,1484.37,0
1396,561,57,2,754.87,0
1397,561,45,3,143.64,0
1398,561,9,4,336.9,0.15
1399,561,23,3,127.05,0
1400,562,50,2,1456.85,0.2
1401,562,41,1,845.56,0.1
1402,563,18,3,572.77,0
1403,563,44,5,1496.33,0.1
1404,563,45,3,143.64,0.2
1405,564,27,1,406.33,0
1406,564,22,2,348.02,0.1
1407,564,59,2,453.28,0.2
1408,564,11,2,1210.28,0.2
1409,565,27,4,406.33,0
1410,566,9,5,336.9,0.1
1411,566,53,3,406.1,0
1412,566,29,3,263.34,0
1413,567,20,2,1293.67,0
1414,567,9,1,336.9,0.05
1415,568,13,1,1436.16,0
1416,569,3,1,1106.82,0.2
1417,569,5,1,637.51,0.2
1418,569,20,1,1293.67,0.1
1419,570,10,3,1215.67,0.1
1420,571,33,1,1265.54,0
1421,571,37,5,1315.54,0.2
1422,572,58,5,1369.64,0
1423,572,49,1,1494.21,0
1424,573,44,3,1496.33,0.05
1425,573,7,4,47.59,0
1426,573,12,5,515.65,0
1427,573,54,4,174.44,0
1428,574,49,5,1494.21,0.15
1429,574,24,1,158.69,0
1430,574,46,3,171.6,0.05
1431,574,19,1,1245.47,0.05
1432,575,15,4,1272.46,0
1433,575,36,1,322.79,0.2
1434,575,27,4,406.33,0.15
1435,575,19,3,1245.47,0
1436,576,8,2,977.63,0.05
1437,577,13,4,1436.16,0
1438,577,39,2,1372.51,0.2
1439,577,55,4,684.96,0.15
1440,578,23,4,127.05,0.05
1441,578,31,5,1484.37,0
1442,578,43,2,603.91,0.2
1443,578,39,4,1372.51,0
1444,579,2,1,418.34,0.2
1445,579,7,1,47.59,0.05
1446,580,10,5,1215.67,0
1447,580,20,1,1293.67,0.15
1448,580,40,5,403.2,0.2
1449,581,33,5,1265.54,0.1
1450,581,17,1,808.05,0.2
1451,581,35,1,478.66,0.05
1452,581,22,1,348.02,0.05
1453,582,12,5,515.65,0.15
1454,583,32,4,838.97,0.15
1455,583,49,5,1494.21,0.15
1456,583,8,5,977.63,0.1
1457,583,37,4,1315.54,0.05
1458,584,38,3,985.91,0.2
1459,584,25,3,956.44,0
1460,584,40,1,403.2,0
1461,584,44,5,1496.33,0
1462,585,49,3,1494.21,0.05
1463,586,43,2,603.91,0
1464,587,8,1,977.63,0.1
1465,587,22,3,348.02,0
1466,587,11,4,1210.28,0.15
1467,588,45,4,143.64,0.1
1468,589,52,4,1025.11,0
1469,590,11,3,1210.28,0.05
1470,590,40,2,403.2,0.05
1471,590,20,1,1293.67,0.2
1472,591,52,1,1025.11,0.15
1473,591,15,5,1272.46,0
1474,591,40,5,403.2,0
1475,591,48,3,102.78,0
1476,592,42,3,880.2,0.1
1477,593,17,5,808.05,0
1478,593,40,1,403.2,0.15
1479,593,33,5,1265.54,0.2
1480,593,30,2,251.8,0.1
1481,594,60,1,916.58,0.1
1482,594,37,2,1315.54,0
1483,594,47,4,1189.78,0
1484,594,41,2,845.56,0
1485,595,55,3,684.96,0.2
1486,595,27,3,406.33,0.15
1487,596,10,2,1215.67,0
1488,597,42,2,880.2,0
1489,597,58,2,1369.64,0
1490,597,3,3,1106.82,0.2
1491,597,13,3,1436.16,0.15
1492,598,56,1,1314.77,0
1493,599,26,2,560.31,0
1494,600,32,2,838.97,0.1
1495,600,57,1,754.87,0.2
1496,600,6,3,334.21,0
1497,601,7,2,47.59,0
1498,601,12,4,515.65,0.05
1499,602,21,5,1059.22,0.05
1500,603,46,1,171.6,0.15
1501,603,24,5,158.69,0
1502,603,53,1,406.1,0.15
1503,603,20,2,1293.67,0
1504,604,35,2,478.66,0.2
1505,605,6,2,334.21,0
1506,605,60,2,916.58,0.2
1507,605,53,2,406.1,0.05
1508,606,53,4,406.1,0.05
1509,607,33,4,1265.54,0.1
1510,607,5,5,637.51,0.15
1511,607,23,3,127.05,0.05
1512,608,51,4,25.13,0
1513,608,42,3,880.2,0
1514,608,9,5,336.9,0
1515,608,1,1,962.02,0
1516,609,51,2,25.13,0
1517,609,21,2,1059.22,0.15
1518,609,29,5,263.34,0.2
1519,609,31,3,1484.37,0.2
1520,610,57,2,754.87,0
1521,610,25,1,956.44,0.1
1522,610,54,5,174.44,0.15
1523,610,37,2,1315.54,0
1524,611,40,2,403.2,0
1525,611,28,3,974.87,0
1526,611,39,5,1372.51,0
1527,611,17,1,808.05,0.15
1528,612,15,2,1272.46,0
1529,613,39,3,1372.51,0.15
1530,613,14,2,146.38,0.05
1531,614,40,2,403.2,0
1532,614,29,5,263.34,0.15
1533,615,45,2,143.64,0.15
1534,615,26,4,560.31,0.15
1535,615,44,4,1496.33,0.15
1536,616,22,2,348.02,0.05
1537,617,20,2,1293.67,0.1
1538,617,26,1,560.31,0.1
1539,617,43,2,603.91,0
1540,617,24,2,158.69,0.1
1541,618,10,1,1215.67,0
1542,618,17,4,808.05,0.2
1543,618,8,3,977.63,0.15
1544,618,21,3,1059.22,0.05
1545,619,28,3,974.87,0.15
1546,619,58,4,1369.64,0.2
1547,619,11,2,1210.28,0.1
1548,620,12,4,515.65,0
1549,620,3,2,1106.82,0.15
1550,621,23,4,127.05,0.05
1551,621,46,1,171.6,0.2
1552,621,36,2,322.79,0
1553,621,32,3,838.97,0
1554,622,37,5,1315.54,0
1555,622,58,5,1369.64,0
1556,622,43,5,603.91,0.2
1557,623,44,1,1496.33,0
1558,623,7,1,47.59,0.05
1559,623,57,3,754.87,0.1
1560,623,22,1,348.02,0.2
1561,624,30,1,251.8,0
1562,624,41,1,845.56,0.15
1563,624,18,5,572.77,0.05
1564,624,39,3,1372.51,0.15
1565,625,21,1,1059.22,0.1
1566,625,52,5,1025.11,0.05
1567,625,4,1,1339.13,0.05
1568,626,55,2,684.96,0
1569,627,20,4,1293.67,0.2
1570,628,54,3,174.44,0.1
1571,629,37,1,1315.54,0.2
1572,629,39,4,1372.51,0.2
1573,629,28,3,974.87,0.1
1574,630,30,2,251.8,0.05
1575,630,44,5,1496.33,0.15
1576,630,15,5,1272.46,0
1577,631,9,3,336.9,0.2
1578,631,44,2,1496.33,0.1
1579,632,33,1,1265.54,0.1
1580,633,23,1,127.05,0.2
1581,633,17,5,808.05,0
1582,633,38,1,985.91,0.15
1583,634,6,4,334.21,0.15
1584,635,40,2,403.2,0
1585,635,52,2,1025.11,0
1586,635,17,5,808.05,0
1587,635,22,1,348.02,0.05
1588,636,42,4,880.2,0.15
1589,636,31,4,1484.37,0.2
1590,637,52,2,1025.11,0
1591,637,20,2,1293.67,0
1592,637,6,1,334.21,0.15
1593,637,9,2,336.9,0.2
1594,638,28,5,974.87,0
1595,638,54,1,174.44,0
1596,639,58,4,1369.64,0.05
1597,639,10,4,1215.67,0
1598,640,4,4,1339.13,0.05
1599,640,22,4,348.02,0.15
1600,640,1,5,962.02,0.1
1601,640,7,5,47.59,0
1602,641,15,1,1272.46,0.05
1603,641,46,5,171.6,0
1604,641,4,5,1339.13,0
1605,641,34,3,349.74,0.15
1606,642,29,1,263.34,0
1607,642,45,3,143.64,0.15
1608,642,28,2,974.87,0.05
1609,643,59,4,453.28,0
1610,643,39,3,1372.51,0.15
1611,643,55,4,684.96,0.05
1612,644,19,1,1245.47,0.15
1613,644,45,4,143.64,0
1614,645,32,5,838.97,0
1615,645,20,1,1293.67,0
1616,645,16,3,1212.24,0
1617,645,14,2,146.38,0
1618,646,8,2,977.63,0.05
1619,646,36,3,322.79,0
1620,647,46,1,171.6,0.05
1621,648,53,5,406.1,0
1622,649,11,4,1210.28,0.2
1623,649,47,5,1189.78,0.05
1624,649,19,1,1245.47,0
1625,650,29,1,263.34,0
1626,650,27,4,406.33,0
1627,651,24,2,158.69,0.2
1628,651,41,5,845.56,0.05
1629,651,43,2,603.91,0
1630,651,16,4,1212.24,0.05
1631,652,29,2,263.34,0.2
1632,653,50,4,1456.85,0.2
1633,653,11,1,1210.28,0.15
1634,653,28,2,974.87,0.1
1635,653,4,1,1339.13,0.15
1636,654,47,3,1189.78,0
1637,654,48,3,102.78,0.1
1638,654,21,5,1059.22,0
1639,655,45,4,143.64,0.2
1640,655,23,2,127.05,0
1641,655,57,1,754.87,0
1642,655,52,5,1025.11,0
1643,656,33,5,1265.54,0
1644,657,16,3,1212.24,0.15
1645,657,54,4,174.44,0.1
1646,657,50,1,1456.85,0.15
1647,658,4,1,1339.13,0.05
1648,659,23,3,127.05,0.15
1649,659,20,5,1293.67,0.15
1650,660,34,3,349.74,0.05
1651,660,38,1,985.91,0
1652,660,13,4,1436.16,0.2
1653,661,14,5,146.38,0.05
1654,661,29,5,263.34,0.1
1655,661,5,5,637.51,0.2
1656,661,24,4,158.69,0.2
1657,662,47,2,1189.78,0.1
1658,662,27,2,406.33,0.05
1659,662,53,4,406.1,0
1660,662,11,5,1210.28,0.2
1661,663,36,1,322.79,0.1
1662,663,24,4,158.69,0
1663,664,8,3,977.63,0
1664,664,24,3,158.69,0
1665,665,60,3,916.58,0
1666,666,5,4,637.51,0.05
1667,666,56,5,1314.77,0
1668,666,3,5,1106.82,0.05
1669,667,49,5,1494.21,0.15
1670,667,9,4,336.9,0.2
1671,668,52,5,1025.11,0.15
1672,669,43,4,603.91,0.15
1673,670,36,5,322.79,0
1674,670,42,2,880.2,0.1
1675,670,8,5,977.63,0.1
1676,671,8,5,977.63,0
1677,672,6,3,334.21,0.05
1678,672,52,5,1025.11,0
1679,672,35,4,478.66,0.2
1680,672,39,1,1372.51,0
1681,673,17,5,808.05,0
1682,673,6,3,334.21,0
1683,673,8,2,977.63,0
1684,673,7,1,47.59,0
1685,674,2,1,418.34,0
1686,674,46,4,171.6,0
1687,675,53,2,406.1,0
1688,675,58,5,1369.64,0.1
1689,675,8,2,977.63,0.05
1690,675,4,5,1339.13,0.2
1691,676,36,1,322.79,0.05
1692,676,27,2,406.33,0
1693,676,5,3,637.51,0.1
1694,676,31,5,1484.37,0.15
1695,677,29,5,263.34,0
1696,677,6,2,334.21,0
1697,677,55,5,684.96,0
1698,677,41,2,845.56,0.1
1699,678,42,1,880.2,0.05
1700,678,11,3,1210.28,0.1
1701,678,1,3,962.02,0.2
1702,679,3,5,1106.82,0.1
1703,679,11,1,1210.28,0
1704,679,48,1,102.78,0.05
1705,680,14,3,146.38,0.15
1706,680,40,3,403.2,0.15
1707,680,33,3,1265.54,0.2
1708,680,52,4,1025.11,0
1709,681,2,2,418.34,0.15
1710,681,59,1,453.28,0.1
1711,681,45,4,143.64,0
1712,682,49,1,1494.21,0.1
1713,682,26,1,560.31,0.2
1714,682,35,4,478.66,0.15
1715,682,6,1,334.21,0
1716,683,30,3,251.8,0
1717,684,13,5,1436.16,0.15
1718,684,6,3,334.21,0.2
1719,684,53,2,406.1,0
1720,685,1,4,962.02,0
1721,685,13,3,1436.16,0.1
1722,686,5,2,637.51,0.15
1723,686,38,1,985.91,0
1724,687,13,1,1436.16,0.15
1725,687,55,5,684.96,0.1
1726,687,44,3,1496.33,0.15
1727,688,55,3,684.96,0.05
1728,689,24,2,158.69,0
1729,689,34,3,349.74,0.05
1730,689,49,5,1494.21,0.05
1731,689,3,3,1106.82,0
1732,690,45,1,143.64,0
1733,690,28,2,974.87,0
1734,691,31,4,1484.37,0.2
1735,692,22,1,348.02,0.2
1736,692,54,3,174.44,0.1
1737,693,38,1,985.91,0.05
1738,693,8,3,977.63,0.2
1739,693,6,1,334.21,0.2
1740,693,4,2,1339.13,0
1741,694,7,1,47.59,0.1
1742,695,15,5,1272.46,0
1743,695,56,4,1314.77,0.05
1744,695,39,4,1372.51,0.2
1745,695,51,4,25.13,0.1
1746,696,34,1,349.74,0
1747,696,22,1,348.02,0.1
1748,696,38,1,985.91,0.1
1749,696,13,2,1436.16,0.1
1750,697,12,1,515.65,0
1751,697,16,2,1212.24,0
1752,697,9,5,336.9,0.05
1753,697,52,5,1025.11,0.15
1754,698,31,5,1484.37,0
1755,698,20,3,1293.67,0
1756,699,16,5,1212.24,0.2
1757,700,51,3,25.13,0
1758,700,5,4,637.51,0.15
1759,701,40,3,403.2,0
1760,701,20,1,1293.67,0.05
1761,701,27,1,406.33,0.05
1762,702,16,3,1212.24,0.2
1763,702,31,4,1484.37,0
1764,703,2,2,418.34,0
1765,703,36,4,322.79,0
1766,703,8,5,977.63,0.2
1767,704,15,3,1272.46,0.15
1768,704,57,2,754.87,0
1769,705,59,2,453.28,0.05
1770,705,7,1,47.59,0
1771,705,2,2,418.34,0
1772,706,34,5,349.74,0.05
1773,706,52,1,1025.11,0
1774,707,21,2,1059.22,0
1775,707,39,5,1372.51,0.1
1776,707,28,2,974.87,0.2
1777,708,56,5,1314.77,0.1
1778,708,9,4,336.9,0
1779,708,55,1,684.96,0.2
1780,709,32,2,838.97,0
1781,709,34,3,349.74,0.1
1782,709,30,4,251.8,0.15
1783,710,14,2,146.38,0
1784,711,37,3,1315.54,0
1785,711,11,5,1210.28,0
1786,711,60,2,916.58,0.2
1787,711,54,1,174.44,0
1788,712,33,4,1265.54,0.05
1789,712,40,4,403.2,0.05
1790,712,22,3,348.02,0.2
1791,712,28,4,974.87,0
1792,713,42,1,880.2,0
1793,713,5,5,637.51,0.1
1794,713,23,5,127.05,0.15
1795,714,3,3,1106.82,0
1796,714,35,3,478.66,0
1797,714,13,3,1436.16,0.15
1798,715,1,3,962.02,0.2
1799,715,50,3,1456.85,0.2
1800,715,20,4,1293.67,0.05
1801,716,15,4,1272.46,0
1802,716,47,5,1189.78,0.1
1803,716,48,5,102.78,0.2
1804,716,14,4,146.38,0.15
1805,717,14,1,146.38,0
1806,717,29,2,263.34,0.1
1807,717,55,2,684.96,0
1808,717,36,1,322.79,0.05
1809,718,49,3,1494.21,0
1810,718,50,5,1456.85,0
1811,718,45,5,143.64,0.2
1812,718,35,1,478.66,0
1813,719,25,5,956.44,0.05
1814,719,14,2,146.38,0.05
1815,719,26,1,560.31,0
1816,719,5,5,637.51,0.05
1817,720,3,5,1106.82,0.05
1818,720,53,1,406.1,0
1819,721,43,4,603.91,0
1820,721,34,3,349.74,0.1
1821,721,5,1,637.51,0
1822,722,31,2,1484.37,0
1823,722,48,2,102.78,0
1824,722,5,4,637.51,0.2
1825,722,25,4,956.44,0
1826,723,18,4,572.77,0
1827,723,13,4,1436.16,0.1
1828,723,1,2,962.02,0.1
1829,723,10,3,1215.67,0.1
1830,724,19,4,1245.47,0
1831,725,12,5,515.65,0.15
1832,725,58,4,1369.64,0.05
1833,726,16,2,1212.24,0
1834,727,59,4,453.28,0.2
1835,727,32,5,838.97,0
1836,728,11,1,1210.28,0.05
1837,728,17,1,808.05,0
1838,728,14,4,146.38,0.05
1839,728,33,3,1265.54,0.15
1840,729,46,2,171.6,0
1841,730,46,2,171.6,0.05
1842,730,29,3,263.34,0.2
1843,731,8,4,977.63,0
1844,731,35,1,478.66,0.15
1845,731,48,1,102.78,0.15
1846,732,58,5,1369.64,0
1847,733,25,3,956.44,0.05
1848,734,24,2,158.69,0
1849,734,59,1,453.28,0
1850,735,15,1,1272.46,0.2
1851,736,53,3,406.1,0
1852,737,8,3,977.63,0
1853,737,15,2,1272.46,0
1854,737,14,4,146.38,0.15
1855,737,7,3,47.59,0
1856,738,42,1,880.2,0
1857,738,40,2,403.2,0.05
1858,738,24,3,158.69,0.2
1859,739,17,5,808.05,0
1860,739,7,4,47.59,0.15
1861,740,55,1,684.96,0
1862,740,43,1,603.91,0.1
1863,740,31,5,1484.37,0.05
1864,741,15,1,1272.46,0.1
1865,742,4,2,1339.13,0
1866,743,16,5,1212.24,0.05
1867,744,42,1,880.2,0
1868,744,53,3,406.1,0
1869,744,19,2,1245.47,0
1870,744,49,5,1494.21,0
1871,745,12,1,515.65,0
1872,745,29,4,263.34,0
1873,745,41,2,845.56,0
1874,746,16,1,1212.24,0.05
1875,746,33,4,1265.54,0
1876,747,20,5,1293.67,0.05
1877,747,19,2,1245.47,0
1878,748,29,4,263.34,0.2
1879,748,28,2,974.87,0.2
1880,748,33,4,1265.54,0
1881,748,40,4,403.2,0.05
1882,749,17,4,808.05,0
1883,749,25,4,956.44,0
1884,750,46,2,171.6,0
1885,750,31,2,1484.37,0
1886,751,48,3,102.78,0.15
1887,751,24,5,158.69,0
1888,751,25,4,956.44,0
1889,751,32,1,838.97,0.05
1890,752,33,3,1265.54,0.15
1891,752,46,1,171.6,0.15
1892,752,32,4,838.97,0.05
1893,753,45,2,143.64,0
1894,754,1,1,962.02,0.15
1895,754,8,4,977.63,0.05
1896,755,54,3,174.44,0.15
1897,755,28,3,974.87,0.1
1898,756,7,5,47.59,0.2
1899,757,45,4,143.64,0
1900,757,20,1,1293.67,0
1901,757,1,4,962.02,0.1
1902,757,11,4,1210.28,0.15
1903,758,13,2,1436.16,0.1
1904,758,32,1,838.97,0.05
1905,759,52,2,1025.11,0
1906,759,49,4,1494.21,0.05
1907,760,8,1,977.63,0.1
1908,760,18,2,572.77,0.05
1909,760,5,4,637.51,0.15
1910,760,22,1,348.02,0
1911,761,14,5,146.38,0.2
1912,762,49,3,1494.21,0
1913,762,22,3,348.02,0
1914,762,39,2,1372.51,0
1915,762,28,4,974.87,0.05
1916,763,30,4,251.8,0.15
1917,764,24,5,158.69,0.15
1918,764,29,4,263.34,0.1
1919,765,56,3,1314.77,0.15
1920,765,3,4,1106.82,0
1921,765,52,5,1025.11,0.05
1922,766,47,4,1189.78,0
1923,767,9,4,336.9,0.2
1924,768,8,2,977.63,0
1925,768,31,2,1484.37,0
1926,768,43,1,603.91,0
1927,768,35,4,478.66,0.15
1928,769,47,4,1189.78,0.15
1929,769,17,1,808.05,0.15
1930,770,60,5,916.58,0
1931,770,37,3,1315.54,0.05
1932,771,8,1,977.63,0
1933,771,19,3,1245.47,0.15
1934,771,6,5,334.21,0
1935,772,20,1,1293.67,0.1
1936,773,34,5,349.74,0.1
1937,773,43,2,603.91,0
1938,774,53,2,406.1,0.05
1939,774,19,4,1245.47,0
1940,775,39,3,1372.51,0
1941,776,41,3,845.56,0.15
1942,776,54,4,174.44,0
1943,776,14,3,146.38,0
1944,776,32,2,838.97,0.2
1945,777,20,2,1293.67,0
1946,777,53,5,406.1,0.05
1947,777,43,3,603.91,0.05
1948,777,59,4,453.28,0
1949,778,45,5,143.64,0.05
1950,778,60,1,916.58,0
1951,778,13,3,1436.16,0.2
1952,779,29,4,263.34,0
1953,779,45,2,143.64,0
1954,780,44,2,1496.33,0.05
1955,781,4,5,1339.13,0.15
1956,781,8,3,977.63,0.1
1957,782,26,3,560.31,0.15
1958,782,32,5,838.97,0
1959,783,18,3,572.77,0
1960,783,41,1,845.56,0
1961,783,42,1,880.2,0
1962,783,29,4,263.34,0.15
1963,784,18,5,572.77,0
1964,784,45,4,143.64,0.05
1965,784,48,4,102.78,0
1966,784,7,5,47.59,0
1967,785,53,5,406.1,0.2
1968,785,45,5,143.64,0.2
1969,785,2,5,418.34,0.05
1970,785,26,1,560.31,0.1
1971,786,12,5,515.65,0.15
1972,787,9,5,336.9,0
1973,788,8,5,977.63,0
1974,789,20,5,1293.67,0.2
1975,789,3,3,1106.82,0.15
1976,790,34,5,349.74,0.1
1977,790,59,5,453.28,0
1978,790,23,1,127.05,0.15
1979,791,9,5,336.9,0
1980,791,39,5,1372.51,0
1981,792,17,2,808.05,0.05
1982,792,25,4,956.44,0
1983,792,42,3,880.2,0.15
1984,793,41,2,845.56,0.15
1985,793,45,3,143.64,0.1
1986,793,42,5,880.2,0.1
1987,794,39,2,1372.51,0
1988,795,5,3,637.51,0
1989,795,22,3,348.02,0
1990,795,41,2,845.56,0
1991,795,6,1,334.21,0
1992,796,38,4,985.91,0
1993,796,53,5,406.1,0
1994,796,52,5,1025.11,0.2
1995,797,21,4,1059.22,0
1996,797,49,3,1494.21,0.2
1997,798,17,5,808.05,0.15
1998,798,1,2,962.02,0.15
1999,799,59,3,453.28,0.15
2000,800,33,5,1265.54,0.15
2001,800,19,2,1245.47,0
2002,800,18,1,572.77,0
2003,800,28,4,974.87,0.2
2004,801,11,5,1210.28,0
2005,802,44,2,1496.33,0.05
2006,802,33,4,1265.54,0.1
2007,802,60,5,916.58,0.15
2008,802,47,1,1189.78,0.05
2009,803,16,5,1212.24,0.15
2010,803,48,5,102.78,0
2011,803,43,5,603.91,0.05
2012,804,33,1,1265.54,0.05
2013,804,23,4,127.05,0.05
2014,805,19,3,1245.47,0.05
2015,806,14,5,146.38,0.2
2016,806,60,1,916.58,0.05
2017,806,20,5,1293.67,0.2
2018,806,42,4,880.2,0
2019,807,7,2,47.59,0.05
2020,807,1,3,962.02,0
2021,807,23,1,127.05,0.05
2022,808,8,2,977.63,0.2
2023,808,59,3,453.28,0
2024,808,32,4,838.97,0.05
2025,808,1,3,962.02,0
2026,809,43,2,603.91,0
2027,809,54,4,174.44,0
2028,809,29,3,263.34,0.2
2029,809,11,2,1210.28,0
2030,810,58,2,1369.64,0.05
2031,810,3,3,1106.82,0
2032,810,11,4,1210.28,0.05
2033,811,9,1,336.9,0
2034,811,8,2,977.63,0
2035,811,7,5,47.59,0
2036,811,51,2,25.13,0
2037,812,31,4,1484.37,0
2038,812,19,5,1245.47,0
2039,812,32,5,838.97,0
2040,812,6,2,334.21,0
2041,813,46,5,171.6,0.1
2042,813,51,2,25.13,0
2043,813,52,5,1025.11,0.15
2044,813,7,2,47.59,0
2045,814,28,5,974.87,0
2046,814,2,1,418.34,0.2
2047,815,15,4,1272.46,0.05
2048,815,22,1,348.02,0.1
2049,816,23,2,127.05,0
2050,816,46,1,171.6,0
2051,816,27,1,406.33,0
2052,817,28,2,974.87,0
2053,818,44,5,1496.33,0.2
2054,819,16,2,1212.24,0.1
2055,819,42,4,880.2,0
2056,819,18,1,572.77,0
2057,820,46,1,171.6,0
2058,820,29,5,263.34,0.1
2059,821,3,2,1106.82,0.05
2060,821,9,5,336.9,0.15
2061,822,59,4,453.28,0
2062,823,39,2,1372.51,0
2063,823,18,1,572.77,0.1
2064,824,11,4,1210.28,0.2
2065,825,14,2,146.38,0.1
2066,825,12,2,515.65,0.1
2067,825,1,1,962.02,0.2
2068,826,20,3,1293.67,0.15
2069,826,55,3,684.96,0.1
2070,826,15,1,1272.46,0
2071,827,57,2,754.87,0
2072,827,18,1,572.77,0.15
2073,828,41,3,845.56,0
2074,828,39,5,1372.51,0
2075,828,24,2,158.69,0.05
2076,829,15,2,1272.46,0
2077,829,47,1,1189.78,0.1
2078,829,18,5,572.77,0
2079,830,53,2,406.1,0
2080,830,29,3,263.34,0
2081,831,24,1,158.69,0.05
2082,831,10,2,1215.67,0.05
2083,831,58,2,1369.64,0.2
2084,831,31,2,1484.37,0
2085,832,11,4,1210.28,0.15
2086,832,57,5,754.87,0
2087,832,12,1,515.65,0
2088,833,47,5,1189.78,0
2089,834,49,1,1494.21,0
2090,835,51,1,25.13,0.2
2091,836,9,5,336.9,0.05
2092,836,31,2,1484.37,0
2093,837,41,1,845.56,0.2
2094,837,35,1,478.66,0
2095,837,8,5,977.63,0
2096,838,15,4,1272.46,0.05
2097,839,32,2,838.97,0
2098,840,8,1,977.63,0
2099,840,24,5,158.69,0
2100,840,60,2,916.58,0.05
2101,841,58,3,1369.64,0.1
2102,841,43,3,603.91,0
2103,842,51,1,25.13,0.2
2104,843,53,4,406.1,0.15
2105,843,5,3,637.51,0
2106,843,8,1,977.63,0
2107,843,37,2,1315.54,0
2108,844,39,2,1372.51,0.2
2109,844,51,2,25.13,0.05
2110,844,41,4,845.56,0.1
2111,844,22,4,348.02,0.1
2112,845,38,4,985.91,0.1
2113,846,55,3,684.96,0.1
2114,846,2,4,418.34,0
2115,847,10,4,1215.67,0
2116,847,54,2,174.44,0.2
2117,847,55,2,684.96,0
2118,847,36,2,322.79,0
2119,848,24,5,158.69,0
2120,848,4,4,1339.13,0.2
2121,848,45,5,143.64,0.2
2122,848,7,2,47.59,0
2123,849,37,4,1315.54,0
2124,850,31,3,1484.37,0.05
2125,850,27,1,406.33,0
2126,850,47,1,1189.78,0
2127,851,1,4,962.02,0.15
2128,851,26,4,560.31,0.1
2129,852,28,2,974.87,0
2130,852,60,1,916.58,0.1
2131,853,26,5,560.31,0.1
2132,853,12,1,515.65,0.2
2133,854,53,3,406.1,0.15
2134,854,25,4,956.44,0
2135,854,11,3,1210.28,0
2136,854,4,1,1339.13,0
2137,855,5,2,637.51,0.1
2138,856,16,3,1212.24,0
2139,857,21,1,1059.22,0
2140,858,49,3,1494.21,0
2141,858,26,1,560.31,0
2142,858,47,4,1189.78,0.15
2143,859,31,1,1484.37,0
2144,859,38,2,985.91,0
2145,859,56,4,1314.77,0
2146,859,55,1,684.96,0.15
2147,860,29,3,263.34,0
2148,860,51,3,25.13,0.1
2149,860,9,4,336.9,0
2150,861,10,5,1215.67,0.15
2151,862,32,1,838.97,0.05
2152,863,23,2,127.05,0.15
2153,863,6,4,334.21,0
2154,863,5,4,637.51,0
2155,864,55,4,684.96,0.2
2156,864,19,5,1245.47,0.15
2157,864,26,2,560.31,0.05
2158,865,33,1,1265.54,0.1
2159,865,29,1,263.34,0.15
2160,865,17,2,808.05,0.15
2161,865,57,5,754.87,0
2162,866,55,4,684.96,0.15
2163,866,5,1,637.51,0
2164,866,15,4,1272.46,0.05
2165,866,25,5,956.44,0.2
2166,867,50,3,1456.85,0
2167,867,28,3,974.87,0
2168,867,13,5,1436.16,0.05
2169,867,26,2,560.31,0.15
2170,868,31,2,1484.37,0
2171,868,10,5,1215.67,0
2172,869,14,4,146.38,0
2173,869,4,3,1339.13,0.15
2174,869,56,2,1314.77,0
2175,869,2,2,418.34,0
2176,870,34,3,349.74,0
2177,870,14,1,146.38,0
2178,870,43,4,603.91,0
2179,870,58,3,1369.64,0
2180,871,45,3,143.64,0.15
2181,871,28,5,974.87,0.05
2182,872,21,3,1059.22,0
2183,872,43,2,603.91,0.05
2184,873,34,4,349.74,0.2
2185,873,47,2,1189.78,0.15
2186,873,1,4,962.02,0.15
2187,874,45,5,143.64,0.05
2188,874,35,2,478.66,0
2189,874,50,2,1456.85,0
2190,874,11,5,1210.28,0
2191,875,45,4,143.64,0.15
2192,876,34,2,349.74,0.05
2193,876,49,4,1494.21,0
2194,876,22,2,348.02,0.1
2195,876,8,5,977.63,0
2196,877,41,1,845.56,0
2197,877,19,1,1245.47,0
2198,877,45,1,143.64,0.1
2199,877,40,4,403.2,0
2200,878,43,3,603.91,0.2
2201,879,8,1,977.63,0
2202,879,13,4,1436.16,0.05
2203,879,55,4,684.96,0
2204,879,31,3,1484.37,0.2
2205,880,54,4,174.44,0.15
2206,880,58,2,1369.64,0
2207,880,51,4,25.13,0
2208,881,22,4,348.02,0
2209,881,11,5,1210.28,0.05
2210,881,37,2,1315.54,0.1
2211,882,41,2,845.56,0.05
2212,882,25,3,956.44,0.1
2213,883,41,5,845.56,0.2
2214,884,6,1,334.21,0.05
2215,885,37,4,1315.54,0
2216,886,20,5,1293.67,0.2
2217,886,13,2,1436.16,0.15
2218,887,41,5,845.56,0.2
2219,888,10,3,1215.67,0
2220,889,7,4,47.59,0
2221,889,32,4,838.97,0.15
2222,889,51,1,25.13,0
2223,889,2,4,418.34,0.05
2224,890,43,5,603.91,0.2
2225,890,37,1,1315.54,0
2226,891,11,5,1210.28,0.15
2227,892,34,5,349.74,0.2
2228,893,9,2,336.9,0
2229,893,15,3,1272.46,0.05
2230,893,6,2,334.21,0
2231,894,33,3,1265.54,0
2232,894,26,2,560.31,0.15
2233,894,60,3,916.58,0.05
2234,894,13,1,1436.16,0.1
2235,895,28,3,974.87,0.2
2236,895,57,3,754.87,0.1
2237,895,29,1,263.34,0.1
2238,895,39,4,1372.51,0.05
2239,896,11,3,1210.28,0.1
2240,896,57,4,754.87,0
2241,896,3,5,1106.82,0.2
2242,896,33,5,1265.54,0
2243,897,23,1,127.05,0
2244,897,16,3,1212.24,0
2245,898,46,3,171.6,0
2246,899,25,3,956.44,0.1
2247,900,37,4,1315.54,0.15
2248,901,32,1,838.97,0
2249,901,3,4,1106.82,0
2250,901,18,5,572.77,0
2251,901,27,5,406.33,0.05
2252,902,59,4,453.28,0
2253,903,22,1,348.02,0
2254,904,49,1,1494.21,0.1
2255,904,23,3,127.05,0.05
2256,904,26,5,560.31,0
2257,905,40,2,403.2,0
2258,905,7,1,47.59,0
2259,905,2,1,418.34,0
2260,906,53,1,406.1,0.15
2261,906,58,1,1369.64,0
2262,906,35,1,478.66,0
2263,907,18,2,572.77,0.1
2264,907,45,4,143.64,0
2265,907,11,2,1210.28,0
2266,907,60,2,916.58,0.2
2267,908,37,4,1315.54,0
2268,908,31,3,1484.37,0.2
2269,909,23,5,127.05,0.2
2270,910,1,2,962.02,0.05
2271,910,43,4,603.91,0
2272,911,49,4,1494.21,0.15
2273,911,20,2,1293.67,0.2
2274,911,46,5,171.6,0
2275,912,50,2,1456.85,0
2276,912,26,3,560.31,0.05
2277,913,57,2,754.87,0
2278,913,7,4,47.59,0
2279,913,48,3,102.78,0
2280,913,8,4,977.63,0.15
2281,914,23,4,127.05,0
2282,915,29,3,263.34,0
2283,916,13,5,1436.16,0
2284,916,26,5,560.31,0.1
2285,916,12,4,515.65,0.1
2286,917,8,1,977.63,0.1
2287,917,4,3,1339.13,0
2288,918,26,3,560.31,0.05
2289,918,7,2,47.59,0
2290,918,15,2,1272.46,0
2291,918,47,3,1189.78,0.15
2292,919,48,2,102.78,0
2293,919,20,3,1293.67,0.15
2294,919,55,1,684.96,0
2295,919,59,2,453.28,0
2296,920,2,1,418.34,0
2297,920,12,1,515.65,0.1
2298,920,17,3,808.05,0.05
2299,921,3,1,1106.82,0.1
2300,922,50,1,1456.85,0
2301,922,7,3,47.59,0.05
2302,923,24,3,158.69,0
2303,923,30,3,251.8,0.1
2304,923,1,5,962.02,0.05
2305,924,27,2,406.33,0.15
2306,924,55,2,684.96,0
2307,925,24,2,158.69,0.05
2308,925,14,1,146.38,0
2309,925,48,5,102.78,0.05
2310,925,6,5,334.21,0
2311,926,20,5,1293.67,0.1
2312,926,13,3,1436.16,0.2
2313,926,3,5,1106.82,0
2314,927,1,4,962.02,0.15
2315,928,20,3,1293.67,0
2316,928,32,3,838.97,0
2317,929,32,3,838.97,0
2318,930,57,5,754.87,0.15
2319,930,19,5,1245.47,0
2320,930,51,1,25.13,0.15
2321,931,15,3,1272.46,0
2322,931,3,4,1106.82,0.05
2323,931,31,4,1484.37,0
2324,932,44,5,1496.33,0
2325,932,57,2,754.87,0
2326,932,21,2,1059.22,0.05
2327,932,52,5,1025.11,0
2328,933,35,4,478.66,0
2329,933,12,2,515.65,0.1
2330,933,25,4,956.44,0.15
2331,933,51,3,25.13,0.1
2332,934,27,5,406.33,0
2333,934,30,4,251.8,0
2334,934,2,2,418.34,0.1
2335,934,59,3,453.28,0.2
2336,935,4,4,1339.13,0
2337,935,49,4,1494.21,0.15
2338,935,55,1,684.96,0.05
2339,936,22,5,348.02,0
2340,937,48,5,102.78,0.15
2341,938,9,2,336.9,0
2342,938,15,3,1272.46,0.15
2343,938,58,1,1369.64,0.2
2344,938,44,4,1496.33,0.1
2345,939,34,1,349.74,0
2346,940,4,4,1339.13,0.05
2347,940,60,2,916.58,0.2
2348,940,8,2,977.63,0.2
2349,940,20,5,1293.67,0
2350,941,12,2,515.65,0.2
2351,942,31,3,1484.37,0.15
2352,942,19,1,1245.47,0.1
2353,943,30,4,251.8,0.2
2354,944,1,5,962.02,0.05
2355,944,38,1,985.91,0
2356,944,20,2,1293.67,0.05
2357,944,3,4,1106.82,0
2358,945,58,4,1369.64,0.1
2359,945,46,1,171.6,0
2360,945,34,2,349.74,0
2361,946,51,3,25.13,0.05
2362,946,49,1,1494.21,0.2
2363,946,43,4,603.91,0.05
2364,947,9,5,336.9,0.1
2365,947,45,3,143.64,0.1
2366,947,21,5,1059.22,0.2
2367,948,7,1,47.59,0.05
2368,948,43,4,603.91,0
2369,949,49,1,1494.21,0.1
2370,949,27,3,406.33,0
2371,949,60,1,916.58,0.2
2372,949,5,1,637.51,0.05
2373,950,25,5,956.44,0
2374,950,9,2,336.9,0
2375,950,41,4,845.56,0.05
2376,950,37,3,1315.54,0
2377,951,38,1,985.91,0.15
2378,952,50,5,1456.85,0.2
2379,952,27,1,406.33,0
2380,952,37,2,1315.54,0.15
2381,953,33,5,1265.54,0.2
2382,953,23,2,127.05,0.2
2383,953,40,1,403.2,0.05
2384,953,58,4,1369.64,0.15
2385,954,7,2,47.59,0
2386,954,8,5,977.63,0.1
2387,954,32,3,838.97,0
2388,955,56,2,1314.77,0
2389,956,26,5,560.31,0.15
2390,956,40,1,403.2,0.1
2391,956,4,4,1339.13,0
2392,957,22,1,348.02,0
2393,957,57,2,754.87,0.1
2394,958,23,1,127.05,0.05
2395,959,7,1,47.59,0.05
2396,960,2,1,418.34,0
2397,960,60,2,916.58,0.1
2398,961,50,4,1456.85,0.15
2399,961,25,4,956.44,0.1
2400,961,45,2,143.64,0
2401,961,9,4,336.9,0
2402,962,16,2,1212.24,0
2403,963,52,1,1025.11,0.2
2404,964,19,3,1245.47,0
2405,964,3,5,1106.82,0.15
2406,965,43,1,603.91,0
2407,966,58,2,1369.64,0.05
2408,966,59,3,453.28,0
2409,966,55,5,684.96,0
2410,967,4,3,1339.13,0.05
2411,968,20,5,1293.67,0
2412,968,48,1,102.78,0
2413,969,8,1,977.63,0
2414,969,2,3,418.34,0.1
2415,969,32,4,838.97,0
2416,969,54,1,174.44,0
2417,970,3,2,1106.82,0.15
2418,970,15,4,1272.46,0.1
2419,970,14,1,146.38,0.15
2420,970,25,3,956.44,0
2421,971,52,2,1025.11,0.2
2422,971,49,1,1494.21,0
2423,971,38,5,985.91,0.05
2424,972,55,4,684.96,0.1
2425,972,35,5,478.66,0.2
2426,972,30,5,251.8,0
2427,973,18,3,572.77,0
2428,974,40,3,403.2,0
2429,975,54,2,174.44,0.05
2430,975,17,4,808.05,0
2431,975,55,4,684.96,0
2432,976,27,5,406.33,0
2433,976,4,3,1339.13,0.1
2434,977,17,2,808.05,0
2435,977,56,2,1314.77,0
2436,977,32,5,838.97,0.15
2437,978,38,2,985.91,0
2438,978,21,3,1059.22,0
2439,978,3,1,1106.82,0.15
2440,978,36,3,322.79,0.1
2441,979,8,2,977.63,0
2442,979,33,5,1265.54,0
2443,979,5,4,637.51,0
2444,979,16,4,1212.24,0
2445,980,58,3,1369.64,0.1
2446,980,42,1,880.2,0
2447,980,24,3,158.69,0
2448,980,31,3,1484.37,0
2449,981,14,5,146.38,0
2450,981,25,2,956.44,0.05
2451,981,54,1,174.44,0
2452,982,35,5,478.66,0.2
2453,982,47,1,1189.78,0.1
2454,982,8,4,977.63,0.15
2455,982,55,5,684.96,0.1
2456,983,22,3,348.02,0
2457,983,16,4,1212.24,0
2458,984,23,5,127.05,0.1
2459,985,15,5,1272.46,0
2460,985,37,4,1315.54,0.15
2461,985,53,5,406.1,0.15
2462,985,9,2,336.9,0.1
2463,986,27,4,406.33,0.15
2464,986,33,2,1265.54,0
2465,986,10,4,1215.67,0
2466,986,37,2,1315.54,0
2467,987,9,1,336.9,0.2
2468,988,58,4,1369.64,0.15
2469,988,28,5,974.87,0
2470,988,23,3,127.05,0
2471,988,9,3,336.9,0.2
2472,989,59,4,453.28,0
2473,989,27,4,406.33,0.15
2474,989,41,2,845.56,0.15
2475,989,29,2,263.34,0.15
2476,990,44,4,1496.33,0
2477,990,42,4,880.2,0
2478,990,30,5,251.8,0.15
2479,991,4,5,1339.13,0.1
2480,991,37,5,1315.54,0.2
2481,991,34,4,349.74,0
2482,992,53,2,406.1,0.05
2483,993,23,3,127.05,0
2484,994,19,3,1245.47,0.1
2485,994,59,1,453.28,0
2486,995,2,1,418.34,0.1
2487,995,39,5,1372.51,0.2
2488,996,19,4,1245.47,0.15
2489,996,37,4,1315.54,0.1
2490,997,29,4,263.34,0.05
2491,998,23,1,127.05,0.15
2492,999,30,5,251.8,0.15
2493,999,41,1,845.56,0.15
2494,999,48,3,102.78,0
2495,1000,41,1,845.56,0
