supplier_id,supplier_name,supplier_city
1,Supplier 01,City 01
2,Supplier 02,City 02
3,Supplier 03,City 03
4,Supplier 04,City 04
5,Supplier 05,City 05
6,Supplier 06,City 06
7,Supplier 07,City 07
8,Supplier 08,City 08
9,Supplier 09,City 09
10,Supplier 10,City 10
11,Supplier 11,City 11
12,Supplier 12,City 12
13,Supplier 13,City 13
14,Supplier 14,City 14
15,Supplier 15,City 15
16,Supplier 16,City 16
17,Supplier 17,City 17
18,Supplier 18,City 18
19,Supplier 19,City 19
20,Supplier 20,City 20
